Time Stamp,ID,Extended,Dir,Bus,LEN,D1,D2,D3,D4,D5,D6,D7,D8
35401143,000001FF,false,Rx,1,8,00,00,00,00,00,00,00,00,
35411140,000001FF,false,Rx,1,8,00,00,00,00,00,00,00,00,
35421635,000001FF,false,Rx,1,8,00,00,00,00,00,00,00,00,
35431652,000001FF,false,Rx,1,8,00,00,00,00,00,00,00,00,
35441659,000001FF,false,Rx,1,8,00,00,00,00,00,00,00,00,
35451645,000001FF,false,Rx,1,8,00,00,00,00,00,00,00,00,
35461166,000001FF,false,Rx,1,8,00,00,00,00,00,00,00,00,
35471142,000001FF,false,Rx,1,8,00,00,00,00,00,00,00,00,
35471378,000004D5,false,Rx,1,8,00,00,04,40,04,29,29,1A,
35471627,0000051F,false,Rx,1,8,00,00,0A,0B,00,00,00,00,
35471865,000005A6,false,Rx,1,8,14,00,00,00,1C,00,00,00,
35472113,000005A7,false,Rx,1,8,00,00,00,00,00,00,00,00,
35472364,00000620,false,Rx,1,8,00,6D,00,00,00,00,0A,0B,
35472591,00000671,false,Rx,1,8,0A,00,AE,AE,00,00,14,0D,
35481250,000001FF,false,Rx,1,8,00,00,00,00,00,00,00,00,
35491277,000001FF,false,Rx,1,8,00,00,00,00,00,00,00,00,
35501606,000001FF,false,Rx,1,8,00,00,00,00,00,00,00,00,
35511147,000001FF,false,Rx,1,8,00,00,00,00,00,00,00,00,
35521641,000001FF,false,Rx,1,8,00,00,00,00,00,00,00,00,
35531649,000001FF,false,Rx,1,8,00,00,00,00,00,00,00,00,
35541667,000001FF,false,Rx,1,8,00,00,00,00,00,00,00,00,
35551644,000001FF,false,Rx,1,8,00,00,00,00,00,00,00,00,
35561163,000001FF,false,Rx,1,8,00,00,00,00,00,00,00,00,
35571140,000001FF,false,Rx,1,8,00,00,00,00,00,00,00,00,
35571377,000004D5,false,Rx,1,8,00,00,04,40,04,29,29,1A,
35571625,0000051F,false,Rx,1,8,00,00,0A,0B,00,00,00,00,
35571863,000005A6,false,Rx,1,8,14,00,00,00,1C,00,00,00,
35572112,000005A7,false,Rx,1,8,00,00,00,00,00,00,00,00,
35572361,00000620,false,Rx,1,8,25,74,00,00,00,00,0A,0B,
35572599,00000671,false,Rx,1,8,0A,00,AE,AE,00,00,14,0D,
35581257,000001FF,false,Rx,1,8,00,00,00,00,00,00,00,00,
35591287,000001FF,false,Rx,1,8,00,00,00,00,00,00,00,00,
35601615,000001FF,false,Rx,1,8,00,00,00,00,00,00,00,00,
35611144,000001FF,false,Rx,1,8,00,00,00,00,00,00,00,00,
35621638,000001FF,false,Rx,1,8,00,00,00,00,00,00,00,00,
35631656,000001FF,false,Rx,1,8,00,00,00,00,00,00,00,00,
35641664,000001FF,false,Rx,1,8,00,00,00,00,00,00,00,00,
35651641,000001FF,false,Rx,1,8,00,00,00,00,00,00,00,00,
35661173,000001FF,false,Rx,1,8,00,00,00,00,00,00,00,00,
35671148,000001FF,false,Rx,1,8,00,00,00,00,00,00,00,00,
35671383,000004D5,false,Rx,1,8,00,00,04,40,04,29,29,1A,
35671631,0000051F,false,Rx,1,8,00,00,0A,0B,00,00,00,00,
35671870,000005A6,false,Rx,1,8,14,00,00,00,1C,00,00,00,
35672118,000005A7,false,Rx,1,8,00,00,00,00,00,00,00,00,
35672368,00000620,false,Rx,1,8,2C,76,00,00,00,00,0A,0B,
35672595,00000671,false,Rx,1,8,0A,00,AE,AE,00,00,14,0D,
35681266,000001FF,false,Rx,1,8,00,00,00,00,00,00,00,00,
35691283,000001FF,false,Rx,1,8,00,00,00,00,00,00,00,00,
35701613,000001FF,false,Rx,1,8,00,00,00,00,00,00,00,00,
35711143,000001FF,false,Rx,1,8,00,00,00,00,00,00,00,00,
35722644,000001FF,false,Rx,1,8,00,00,00,00,00,00,00,00,
35732651,000001FF,false,Rx,1,8,00,00,00,00,00,00,00,00,
35742660,000001FF,false,Rx,1,8,00,00,00,00,00,00,00,00,
35752646,000001FF,false,Rx,1,8,00,00,00,00,00,00,00,00,
35762164,000001FF,false,Rx,1,8,00,00,00,00,00,00,00,00,
35772151,000001FF,false,Rx,1,8,00,00,00,00,00,00,00,00,
35772386,000004D5,false,Rx,1,8,00,00,04,40,04,29,29,1A,
35772625,0000051F,false,Rx,1,8,00,00,0A,0B,00,00,00,00,
35772873,000005A6,false,Rx,1,8,14,00,00,00,1C,00,00,00,
35773121,000005A7,false,Rx,1,8,00,00,00,00,00,00,00,00,
35773361,00000620,false,Rx,1,8,2D,77,00,00,00,00,0A,0B,
35773599,00000671,false,Rx,1,8,0A,00,AE,AE,00,00,14,0D,
35782267,000001FF,false,Rx,1,8,00,00,00,00,00,00,00,00,
35792286,000001FF,false,Rx,1,8,00,00,00,00,00,00,00,00,
35802615,000001FF,false,Rx,1,8,00,00,00,00,00,00,00,00,
35812145,000001FF,false,Rx,1,8,00,00,00,00,00,00,00,00,
35822640,000001FF,false,Rx,1,8,00,00,00,00,00,00,00,00,
35832659,000001FF,false,Rx,1,8,00,00,00,00,00,00,00,00,
35842667,000001FF,false,Rx,1,8,00,00,00,00,00,00,00,00,
35852644,000001FF,false,Rx,1,8,00,00,00,00,00,00,00,00,
35862174,000001FF,false,Rx,1,8,00,00,00,00,00,00,00,00,
35872150,000001FF,false,Rx,1,8,00,00,00,00,00,00,00,00,
35872387,000004D5,false,Rx,1,8,00,00,04,40,04,29,29,1A,
35872635,0000051F,false,Rx,1,8,00,00,0A,0B,00,00,00,00,
35872873,000005A6,false,Rx,1,8,14,00,00,00,1C,00,00,00,
35873122,000005A7,false,Rx,1,8,00,00,00,00,00,00,00,00,
35873361,00000620,false,Rx,1,8,72,77,00,00,00,00,0A,0B,
35873599,00000671,false,Rx,1,8,0A,00,AE,AE,00,00,14,0D,
35882267,000001FF,false,Rx,1,8,00,00,00,00,00,00,00,00,
35892285,000001FF,false,Rx,1,8,00,00,00,00,00,00,00,00,
35902613,000001FF,false,Rx,1,8,00,00,00,00,00,00,00,00,
35912153,000001FF,false,Rx,1,8,00,00,00,00,00,00,00,00,
35922638,000001FF,false,Rx,1,8,00,00,00,00,00,00,00,00,
35932656,000001FF,false,Rx,1,8,00,00,00,00,00,00,00,00,
35942664,000001FF,false,Rx,1,8,00,00,00,00,00,00,00,00,
35952651,000001FF,false,Rx,1,8,00,00,00,00,00,00,00,00,
35962173,000001FF,false,Rx,1,8,00,00,00,00,00,00,00,00,
35972148,000001FF,false,Rx,1,8,00,00,00,00,00,00,00,00,
35972383,000004D5,false,Rx,1,8,00,00,04,40,04,29,29,1A,
35972631,0000051F,false,Rx,1,8,00,00,0A,0B,00,00,00,00,
35972869,000005A6,false,Rx,1,8,14,00,00,00,1C,00,00,00,
35973118,000005A7,false,Rx,1,8,00,00,00,00,00,00,00,00,
35973368,00000620,false,Rx,1,8,25,77,00,00,00,00,0A,0B,
35973605,00000671,false,Rx,1,8,0A,00,AE,AE,00,00,14,0D,
35982264,000001FF,false,Rx,1,8,00,00,00,00,00,00,00,00,
35992292,000001FF,false,Rx,1,8,00,00,00,00,00,00,00,00,
36002619,000001FF,false,Rx,1,8,00,00,00,00,00,00,00,00,
36012150,000001FF,false,Rx,1,8,00,00,00,00,00,00,00,00,
36022643,000001FF,false,Rx,1,8,00,00,00,00,00,00,00,00,
36032661,000001FF,false,Rx,1,8,00,00,00,00,00,00,00,00,
36042669,000001FF,false,Rx,1,8,00,00,00,00,00,00,00,00,
36052645,000001FF,false,Rx,1,8,00,00,00,00,00,00,00,00,
36062176,000001FF,false,Rx,1,8,00,00,00,00,00,00,00,00,
36072151,000001FF,false,Rx,1,8,00,00,00,00,00,00,00,00,
36072386,000004D5,false,Rx,1,8,00,00,04,40,04,29,29,1A,
36072634,0000051F,false,Rx,1,8,00,00,0A,0B,00,00,00,00,
36072873,000005A6,false,Rx,1,8,14,00,00,00,1C,00,00,00,
36073122,000005A7,false,Rx,1,8,00,00,00,00,00,00,00,00,
36073371,00000620,false,Rx,1,8,2C,77,00,00,00,00,0A,0B,
36073600,00000671,false,Rx,1,8,0A,00,AE,AE,00,00,14,0D,
36082267,000001FF,false,Rx,1,8,00,00,00,00,00,00,00,00,
36092288,000001FF,false,Rx,1,8,00,00,00,00,00,00,00,00,
36102617,000001FF,false,Rx,1,8,00,00,00,00,00,00,00,00,
36112147,000001FF,false,Rx,1,8,00,00,00,00,00,00,00,00,
36122643,000001FF,false,Rx,1,8,00,00,00,00,00,00,00,00,
36132662,000001FF,false,Rx,1,8,00,00,00,00,00,00,00,00,
36142669,000001FF,false,Rx,1,8,00,00,00,00,00,00,00,00,
36152646,000001FF,false,Rx,1,8,00,00,00,00,00,00,00,00,
36162176,000001FF,false,Rx,1,8,00,00,00,00,00,00,00,00,
36172151,000001FF,false,Rx,1,8,00,00,00,00,00,00,00,00,
36172386,000004D5,false,Rx,1,8,00,00,04,40,04,29,29,1A,
36172636,0000051F,false,Rx,1,8,00,00,0A,0B,00,00,00,00,
36172873,000005A6,false,Rx,1,8,14,00,00,00,1C,00,00,00,
36173122,000005A7,false,Rx,1,8,00,00,00,00,00,00,00,00,
36173372,00000620,false,Rx,1,8,2D,77,00,00,00,00,0A,0B,
36173600,00000671,false,Rx,1,8,0A,00,AE,AE,00,00,14,0D,
36182267,000001FF,false,Rx,1,8,00,00,00,00,00,00,00,00,
36192295,000001FF,false,Rx,1,8,00,00,00,00,00,00,00,00,
36202623,000001FF,false,Rx,1,8,00,00,00,00,00,00,00,00,
36212153,000001FF,false,Rx,1,8,00,00,00,00,00,00,00,00,
36222639,000001FF,false,Rx,1,8,00,00,00,00,00,00,00,00,
36232656,000001FF,false,Rx,1,8,00,00,00,00,00,00,00,00,
36242673,000001FF,false,Rx,1,8,00,00,00,00,00,00,00,00,
36252649,000001FF,false,Rx,1,8,00,00,00,00,00,00,00,00,
36262179,000001FF,false,Rx,1,8,00,00,00,00,00,00,00,00,
36272156,000001FF,false,Rx,1,8,00,00,00,00,00,00,00,00,
36272391,000004D5,false,Rx,1,8,00,00,04,40,04,29,29,1A,
36272630,0000051F,false,Rx,1,8,00,00,0A,0B,00,00,00,00,
36272878,000005A6,false,Rx,1,8,14,00,00,00,1C,00,00,00,
36273126,000005A7,false,Rx,1,8,00,00,00,00,00,00,00,00,
36273366,00000620,false,Rx,1,8,72,78,00,00,00,00,0A,0B,
36273604,00000671,false,Rx,1,8,0A,00,AE,AE,00,00,14,0D,
36282261,000001FF,false,Rx,1,8,00,00,00,00,00,00,00,00,
36292289,000001FF,false,Rx,1,8,00,00,00,00,00,00,00,00,
36302618,000001FF,false,Rx,1,8,00,00,00,00,00,00,00,00,
36312157,000001FF,false,Rx,1,8,00,00,00,00,00,00,00,00,
36322644,000001FF,false,Rx,1,8,00,00,00,00,00,00,00,00,
36332661,000001FF,false,Rx,1,8,00,00,00,00,00,00,00,00,
36342669,000001FF,false,Rx,1,8,00,00,00,00,00,00,00,00,
36352656,000001FF,false,Rx,1,8,00,00,00,00,00,00,00,00,
36362176,000001FF,false,Rx,1,8,00,00,00,00,00,00,00,00,
36372151,000001FF,false,Rx,1,8,00,00,00,00,00,00,00,00,
36372387,000004D5,false,Rx,1,8,00,00,04,40,04,29,29,1A,
36372635,0000051F,false,Rx,1,8,00,00,0A,0B,00,00,00,00,
36372873,000005A6,false,Rx,1,8,14,00,00,00,1C,00,00,00,
36373122,000005A7,false,Rx,1,8,00,00,00,00,00,00,00,00,
36373372,00000620,false,Rx,1,8,0B,78,00,00,00,00,0A,0B,
36373599,00000671,false,Rx,1,8,0A,00,AE,AE,00,00,14,0D,
36382268,000001FF,false,Rx,1,8,00,00,00,00,00,00,00,00,
36392295,000001FF,false,Rx,1,8,00,00,00,00,00,00,00,00,
36402623,000001FF,false,Rx,1,8,00,00,00,00,00,00,00,00,
36412152,000001FF,false,Rx,1,8,00,00,00,00,00,00,00,00,
36422649,000001FF,false,Rx,1,8,00,00,00,00,00,00,00,00,
36432666,000001FF,false,Rx,1,8,00,00,00,00,00,00,00,00,
36442675,000001FF,false,Rx,1,8,00,00,00,00,00,00,00,00,
36452651,000001FF,false,Rx,1,8,00,00,00,00,00,00,00,00,
36462173,000001FF,false,Rx,1,8,00,00,00,00,00,00,00,00,
36472158,000001FF,false,Rx,1,8,00,00,00,00,00,00,00,00,
36472393,000004D5,false,Rx,1,8,00,00,04,40,04,29,29,1A,
36472631,0000051F,false,Rx,1,8,00,00,0A,0B,00,00,00,00,
36472880,000005A6,false,Rx,1,8,14,00,00,00,1C,00,00,00,
36473128,000005A7,false,Rx,1,8,00,00,00,00,00,00,00,00,
36473367,00000620,false,Rx,1,8,0C,78,00,00,00,00,0A,0B,
36473605,00000671,false,Rx,1,8,0A,00,AE,AE,00,00,14,0D,
36482263,000001FF,false,Rx,1,8,00,00,00,00,00,00,00,00,
36492293,000001FF,false,Rx,1,8,00,00,00,00,00,00,00,00,
36502620,000001FF,false,Rx,1,8,00,00,00,00,00,00,00,00,
36512151,000001FF,false,Rx,1,8,00,00,00,00,00,00,00,00,
36522645,000001FF,false,Rx,1,8,00,00,00,00,00,00,00,00,
36532662,000001FF,false,Rx,1,8,00,00,00,00,00,00,00,00,
36542669,000001FF,false,Rx,1,8,00,00,00,00,00,00,00,00,
36552656,000001FF,false,Rx,1,8,00,00,00,00,00,00,00,00,
36562177,000001FF,false,Rx,1,8,00,00,00,00,00,00,00,00,
36572152,000001FF,false,Rx,1,8,00,00,00,00,00,00,00,00,
36572388,000004D5,false,Rx,1,8,00,00,04,40,04,29,29,1A,
36572636,0000051F,false,Rx,1,8,00,00,0A,0B,00,00,00,00,
36572875,000005A6,false,Rx,1,8,14,00,00,00,1C,00,00,00,
36573123,000005A7,false,Rx,1,8,00,00,00,00,00,00,00,00,
36573373,00000620,false,Rx,1,8,21,78,00,00,00,00,0A,0B,
36573602,00000671,false,Rx,1,8,0A,00,AE,AE,00,00,14,0D,
36582271,000001FF,false,Rx,1,8,00,00,00,00,00,00,00,00,
36592299,000001FF,false,Rx,1,8,00,00,00,00,00,00,00,00,
36602628,000001FF,false,Rx,1,8,00,00,00,00,00,00,00,00,
36612158,000001FF,false,Rx,1,8,00,00,00,00,00,00,00,00,
36622654,000001FF,false,Rx,1,8,00,00,00,00,00,00,00,00,
36632662,000001FF,false,Rx,1,8,00,00,00,00,00,00,00,00,
36642669,000001FF,false,Rx,1,8,00,00,00,00,00,00,00,00,
36652657,000001FF,false,Rx,1,8,00,00,00,00,00,00,00,00,
36662177,000001FF,false,Rx,1,8,00,00,00,00,00,00,00,00,
36672163,000001FF,false,Rx,1,8,00,00,00,00,00,00,00,00,
36672398,000004D5,false,Rx,1,8,00,00,04,40,04,29,29,1A,
36672637,0000051F,false,Rx,1,8,00,00,0A,0B,00,00,00,00,
36672885,000005A6,false,Rx,1,8,14,00,00,00,1C,00,00,00,
36673133,000005A7,false,Rx,1,8,00,00,00,00,00,00,00,00,
36673374,00000620,false,Rx,1,8,22,78,00,00,00,00,0A,0B,
36673612,00000671,false,Rx,1,8,0A,00,AE,AE,00,00,14,0D,
36682269,000001FF,false,Rx,1,8,00,00,00,00,00,00,00,00,
36692296,000001FF,false,Rx,1,8,00,00,00,00,00,00,00,00,
36702625,000001FF,false,Rx,1,8,00,00,00,00,00,00,00,00,
36712154,000001FF,false,Rx,1,8,00,00,00,00,00,00,00,00,
36722650,000001FF,false,Rx,1,8,00,00,00,00,00,00,00,00,
36732666,000001FF,false,Rx,1,8,00,00,00,00,00,00,00,00,
36742674,000001FF,false,Rx,1,8,00,00,00,00,00,00,00,00,
36752661,000001FF,false,Rx,1,8,00,00,00,00,00,00,00,00,
36762183,000001FF,false,Rx,1,8,00,00,00,00,00,00,00,00,
36772158,000001FF,false,Rx,1,8,00,00,00,00,00,00,00,00,
36772394,000004D5,false,Rx,1,8,00,00,04,40,04,29,29,1A,
36772632,0000051F,false,Rx,1,8,00,00,0A,0B,00,00,00,00,
36772880,000005A6,false,Rx,1,8,14,00,00,00,1C,00,00,00,
36773129,000005A7,false,Rx,1,8,00,00,00,00,00,00,00,00,
36773369,00000620,false,Rx,1,8,25,78,00,00,00,00,0A,0B,
36773607,00000671,false,Rx,1,8,0A,00,AE,AE,00,00,14,0D,
36782266,000001FF,false,Rx,1,8,00,00,00,00,00,00,00,00,
36792303,000001FF,false,Rx,1,8,00,00,00,00,00,00,00,00,
36802624,000001FF,false,Rx,1,8,00,00,00,00,00,00,00,00,
36812152,000001FF,false,Rx,1,8,00,00,00,00,00,00,00,00,
36822649,000001FF,false,Rx,1,8,00,00,00,00,00,00,00,00,
36832667,000001FF,false,Rx,1,8,00,00,00,00,00,00,00,00,
36842676,000001FF,false,Rx,1,8,00,00,00,00,00,00,00,00,
36852661,000001FF,false,Rx,1,8,00,00,00,00,00,00,00,00,
36862183,000001FF,false,Rx,1,8,00,00,00,00,00,00,00,00,
36872158,000001FF,false,Rx,1,8,00,00,00,00,00,00,00,00,
36872394,000004D5,false,Rx,1,8,00,00,04,40,04,29,29,1A,
36872643,0000051F,false,Rx,1,8,00,00,0A,0B,00,00,00,00,
36872881,000005A6,false,Rx,1,8,14,00,00,00,1C,00,00,00,
36873130,000005A7,false,Rx,1,8,00,00,00,00,00,00,00,00,
36873379,00000620,false,Rx,1,8,2C,78,00,00,00,00,0A,0B,
36873617,00000671,false,Rx,1,8,0A,00,AE,AE,00,00,14,0D,
36882276,000001FF,false,Rx,1,8,00,00,00,00,00,00,00,00,
36892294,000001FF,false,Rx,1,8,00,00,00,00,00,00,00,00,
36902623,000001FF,false,Rx,1,8,00,00,00,00,00,00,00,00,
36912162,000001FF,false,Rx,1,8,00,00,00,00,00,00,00,00,
36922656,000001FF,false,Rx,1,8,00,00,00,00,00,00,00,00,
36932664,000001FF,false,Rx,1,8,00,00,00,00,00,00,00,00,
36942682,000001FF,false,Rx,1,8,00,00,00,00,00,00,00,00,
36952659,000001FF,false,Rx,1,8,00,00,00,00,00,00,00,00,
36962180,000001FF,false,Rx,1,8,00,00,00,00,00,00,00,00,
36972157,000001FF,false,Rx,1,8,00,00,00,00,00,00,00,00,
36972392,000004D5,false,Rx,1,8,00,00,04,40,04,29,29,1A,
36972640,0000051F,false,Rx,1,8,00,00,0A,0B,00,00,00,00,
36972879,000005A6,false,Rx,1,8,14,00,00,00,1C,00,00,00,
36973127,000005A7,false,Rx,1,8,00,00,00,00,00,00,00,00,
36973378,00000620,false,Rx,1,8,2D,78,00,00,00,00,0A,0B,
36973607,00000671,false,Rx,1,8,0A,00,AE,AE,00,00,14,0D,
36982277,000001FF,false,Rx,1,8,00,00,00,00,00,00,00,00,
36992304,000001FF,false,Rx,1,8,00,00,00,00,00,00,00,00,
37002633,000001FF,false,Rx,1,8,00,00,00,00,00,00,00,00,
37012164,000001FF,false,Rx,1,8,00,00,00,00,00,00,00,00,
37022649,000001FF,false,Rx,1,8,00,00,00,00,00,00,00,00,
37032666,000001FF,false,Rx,1,8,00,00,00,00,00,00,00,00,
37042674,000001FF,false,Rx,1,8,00,00,00,00,00,00,00,00,
37052661,000001FF,false,Rx,1,8,00,00,00,00,00,00,00,00,
37062183,000001FF,false,Rx,1,8,00,00,00,00,00,00,00,00,
37072168,000001FF,false,Rx,1,8,00,00,00,00,00,00,00,00,
37072393,000004D5,false,Rx,1,8,00,00,04,40,04,29,29,1A,
37072641,0000051F,false,Rx,1,8,00,00,0A,0B,00,00,00,00,
37072890,000005A6,false,Rx,1,8,14,00,00,00,1C,00,00,00,
37073138,000005A7,false,Rx,1,8,00,00,00,00,00,00,00,00,
37073377,00000620,false,Rx,1,8,72,78,00,00,00,00,0A,0B,
37073617,00000671,false,Rx,1,8,0A,00,AE,AE,00,00,14,0D,
37082273,000001FF,false,Rx,1,8,00,00,00,00,00,00,00,00,
37092303,000001FF,false,Rx,1,8,00,00,00,00,00,00,00,00,
37102632,000001FF,false,Rx,1,8,00,00,00,00,00,00,00,00,
37112162,000001FF,false,Rx,1,8,00,00,00,00,00,00,00,00,
37122657,000001FF,false,Rx,1,8,00,00,00,00,00,00,00,00,
37132665,000001FF,false,Rx,1,8,00,00,00,00,00,00,00,00,
37142682,000001FF,false,Rx,1,8,00,00,00,00,00,00,00,00,
37152658,000001FF,false,Rx,1,8,00,00,00,00,00,00,00,00,
37162189,000001FF,false,Rx,1,8,00,00,00,00,00,00,00,00,
37172163,000001FF,false,Rx,1,8,00,00,00,00,00,00,00,00,
37172398,000004D5,false,Rx,1,8,00,00,04,40,04,29,29,1A,
37172638,0000051F,false,Rx,1,8,00,00,0A,0B,00,00,00,00,
37172886,000005A6,false,Rx,1,8,14,00,00,00,1C,00,00,00,
37173134,000005A7,false,Rx,1,8,00,00,00,00,00,00,00,00,
37173374,00000620,false,Rx,1,8,0B,78,00,00,00,00,0A,0B,
37173612,00000671,false,Rx,1,8,0A,00,AE,AE,00,00,14,0D,
37182271,000001FF,false,Rx,1,8,00,00,00,00,00,00,00,00,
37192298,000001FF,false,Rx,1,8,00,00,00,00,00,00,00,00,
37202627,000001FF,false,Rx,1,8,00,00,00,00,00,00,00,00,
37212156,000001FF,false,Rx,1,8,00,00,00,00,00,00,00,00,
37222661,000001FF,false,Rx,1,8,00,00,00,00,00,00,00,00,
37232670,000001FF,false,Rx,1,8,00,00,00,00,00,00,00,00,
37242687,000001FF,false,Rx,1,8,00,00,00,00,00,00,00,00,
37252663,000001FF,false,Rx,1,8,00,00,00,00,00,00,00,00,
37262183,000001FF,false,Rx,1,8,00,00,00,00,00,00,00,00,
37272168,000001FF,false,Rx,1,8,00,00,00,00,00,00,00,00,
37272404,000004D5,false,Rx,1,8,00,00,04,40,04,29,29,1A,
37272642,0000051F,false,Rx,1,8,00,00,0A,0B,00,00,00,00,
37272890,000005A6,false,Rx,1,8,14,00,00,00,1C,00,00,00,
37273139,000005A7,false,Rx,1,8,00,00,00,00,00,00,00,00,
37273378,00000620,false,Rx,1,8,0C,78,00,00,00,00,0A,0B,
37273616,00000671,false,Rx,1,8,0A,00,AE,AE,00,00,14,0D,
37282273,000001FF,false,Rx,1,8,00,00,00,00,00,00,00,00,
37292302,000001FF,false,Rx,1,8,00,00,00,00,00,00,00,00,
37302630,000001FF,false,Rx,1,8,00,00,00,00,00,00,00,00,
37312161,000001FF,false,Rx,1,8,00,00,00,00,00,00,00,00,
37322656,000001FF,false,Rx,1,8,00,00,00,00,00,00,00,00,
37332674,000001FF,false,Rx,1,8,00,00,00,00,00,00,00,00,
37342683,000001FF,false,Rx,1,8,00,00,00,00,00,00,00,00,
37352659,000001FF,false,Rx,1,8,00,00,00,00,00,00,00,00,
37362190,000001FF,false,Rx,1,8,00,00,00,00,00,00,00,00,
37372166,000001FF,false,Rx,1,8,00,00,00,00,00,00,00,00,
37372402,000004D5,false,Rx,1,8,00,00,04,40,04,29,29,1A,
37372650,0000051F,false,Rx,1,8,00,00,0A,0B,00,00,00,00,
37372888,000005A6,false,Rx,1,8,14,00,00,00,1C,00,00,00,
37373137,000005A7,false,Rx,1,8,00,00,00,00,00,00,00,00,
37373376,00000620,false,Rx,1,8,21,78,00,00,00,00,0A,0B,
37373614,00000671,false,Rx,1,8,0A,00,AE,AE,00,00,14,0D,
37382283,000001FF,false,Rx,1,8,00,00,00,00,00,00,00,00,
37392300,000001FF,false,Rx,1,8,00,00,00,00,00,00,00,00,
37402628,000001FF,false,Rx,1,8,00,00,00,00,00,00,00,00,
37412159,000001FF,false,Rx,1,8,00,00,00,00,00,00,00,00,
37422654,000001FF,false,Rx,1,8,00,00,00,00,00,00,00,00,
37432672,000001FF,false,Rx,1,8,00,00,00,00,00,00,00,00,
37442680,000001FF,false,Rx,1,8,00,00,00,00,00,00,00,00,
37452666,000001FF,false,Rx,1,8,00,00,00,00,00,00,00,00,
37462189,000001FF,false,Rx,1,8,00,00,00,00,00,00,00,00,
37472163,000001FF,false,Rx,1,8,00,00,00,00,00,00,00,00,
37472398,000004D5,false,Rx,1,8,00,00,04,40,04,29,29,1A,
37472646,0000051F,false,Rx,1,8,00,00,0A,0B,00,00,00,00,
37472896,000005A6,false,Rx,1,8,14,00,00,00,1C,00,00,00,
37473144,000005A7,false,Rx,1,8,00,00,00,00,00,00,00,00,
37473383,00000620,false,Rx,1,8,22,78,00,00,00,00,0A,0B,
37473622,00000671,false,Rx,1,8,0A,00,AE,AE,00,00,14,0D,
37482289,000001FF,false,Rx,1,8,00,00,00,00,00,00,00,00,
37492307,000001FF,false,Rx,1,8,00,00,00,00,00,00,00,00,
37502635,000001FF,false,Rx,1,8,00,00,00,00,00,00,00,00,
37512166,000001FF,false,Rx,1,8,00,00,00,00,00,00,00,00,
37522660,000001FF,false,Rx,1,8,00,00,00,00,00,00,00,00,
37532667,000001FF,false,Rx,1,8,00,00,00,00,00,00,00,00,
37542684,000001FF,false,Rx,1,8,00,00,00,00,00,00,00,00,
37552671,000001FF,false,Rx,1,8,00,00,00,00,00,00,00,00,
37562183,000001FF,false,Rx,1,8,00,00,00,00,00,00,00,00,
37572167,000001FF,false,Rx,1,8,00,00,00,00,00,00,00,00,
37572402,000004D5,false,Rx,1,8,00,00,04,40,04,29,29,1A,
37572652,0000051F,false,Rx,1,8,00,00,0A,0B,00,00,00,00,
37572890,000005A6,false,Rx,1,8,14,00,00,00,1C,00,00,00,
37573138,000005A7,false,Rx,1,8,00,00,00,00,01,00,00,00,
37573378,00000620,false,Rx,1,8,25,78,00,00,00,00,0A,0B,
37573617,00000671,false,Rx,1,8,0A,00,AE,AE,00,00,14,0D,
37582284,000001FF,false,Rx,1,8,00,00,00,00,00,00,00,00,
37592303,000001FF,false,Rx,1,8,00,00,00,00,00,00,00,00,
37602634,000001FF,false,Rx,1,8,00,00,00,00,00,00,00,00,
37612163,000001FF,false,Rx,1,8,00,00,00,00,00,00,00,00,
37622660,000001FF,false,Rx,1,8,00,00,00,00,00,00,00,00,
37632677,000001FF,false,Rx,1,8,00,00,00,00,00,00,00,00,
37642685,000001FF,false,Rx,1,8,00,00,00,00,00,00,00,00,
37652661,000001FF,false,Rx,1,8,00,00,00,00,00,00,00,00,
37662191,000001FF,false,Rx,1,8,00,00,00,00,00,00,00,00,
37672166,000001FF,false,Rx,1,8,00,00,00,00,00,00,00,00,
37672401,000004D5,false,Rx,1,8,00,00,04,40,04,29,29,1A,
37672650,0000051F,false,Rx,1,8,00,00,0A,0B,00,00,00,00,
37672888,000005A6,false,Rx,1,8,14,00,00,00,1C,00,00,00,
37673136,000005A7,false,Rx,1,8,00,00,00,00,01,00,00,00,
37673387,00000620,false,Rx,1,8,2C,78,00,00,00,00,0A,0B,
37673625,00000671,false,Rx,1,8,0A,00,AE,AE,00,00,14,0D,
37682282,000001FF,false,Rx,1,8,00,00,00,00,00,00,00,00,
37692309,000001FF,false,Rx,1,8,00,00,00,00,00,00,00,00,
37702639,000001FF,false,Rx,1,8,00,00,00,00,00,00,00,00,
37712168,000001FF,false,Rx,1,8,00,00,00,00,00,00,00,00,
37722663,000001FF,false,Rx,1,8,00,00,00,00,00,00,00,00,
37732670,000001FF,false,Rx,1,8,00,00,00,00,00,00,00,00,
37742687,000001FF,false,Rx,1,8,00,00,00,00,00,00,00,00,
37752664,000001FF,false,Rx,1,8,00,00,00,00,00,00,00,00,
37762195,000001FF,false,Rx,1,8,00,00,00,00,00,00,00,00,
37772172,000001FF,false,Rx,1,8,00,00,00,00,00,00,00,00,
37772407,000004D5,false,Rx,1,8,00,00,04,40,04,29,29,1A,
37772645,0000051F,false,Rx,1,8,00,00,0A,0B,00,00,00,00,
37772893,000005A6,false,Rx,1,8,14,00,00,00,1C,00,00,00,
37773142,000005A7,false,Rx,1,8,00,00,00,00,01,00,00,00,
37773382,00000620,false,Rx,1,8,2D,78,00,00,00,00,0A,0B,
37773619,00000671,false,Rx,1,8,0A,00,AE,AE,00,00,14,0D,
37782286,000001FF,false,Rx,1,8,00,00,00,00,00,00,00,00,
37792308,000001FF,false,Rx,1,8,00,00,00,00,00,00,00,00,
37802639,000001FF,false,Rx,1,8,00,00,00,00,00,00,00,00,
37812168,000001FF,false,Rx,1,8,00,00,00,00,00,00,00,00,
37822664,000001FF,false,Rx,1,8,00,00,00,00,00,00,00,00,
37832682,000001FF,false,Rx,1,8,00,00,00,00,00,00,00,00,
37842691,000001FF,false,Rx,1,8,00,00,00,00,00,00,00,00,
37852667,000001FF,false,Rx,1,8,00,00,00,00,00,00,00,00,
37862189,000001FF,false,Rx,1,8,00,00,00,00,00,00,00,00,
37872175,000001FF,false,Rx,1,8,00,00,00,00,00,00,00,00,
37872409,000004D5,false,Rx,1,8,00,00,04,40,04,29,29,1A,
37872646,0000051F,false,Rx,1,8,00,00,0A,0B,00,00,00,00,
37872894,000005A6,false,Rx,1,8,14,00,00,00,1C,00,00,00,
37873144,000005A7,false,Rx,1,8,00,00,00,00,01,00,00,00,
37873383,00000620,false,Rx,1,8,72,78,00,00,00,00,0A,0B,
37873621,00000671,false,Rx,1,8,0A,00,AE,AE,00,00,14,0D,
37882289,000001FF,false,Rx,1,8,00,00,00,00,00,00,00,00,
37892308,000001FF,false,Rx,1,8,00,00,00,00,00,00,00,00,
37902635,000001FF,false,Rx,1,8,00,00,00,00,00,00,00,00,
37912167,000001FF,false,Rx,1,8,00,00,00,00,00,00,00,00,
37922660,000001FF,false,Rx,1,8,00,00,00,00,00,00,00,00,
37932677,000001FF,false,Rx,1,8,00,00,00,00,00,00,00,00,
37942685,000001FF,false,Rx,1,8,00,00,00,00,00,00,00,00,
37952671,000001FF,false,Rx,1,8,00,00,00,00,00,00,00,00,
37962193,000001FF,false,Rx,1,8,00,00,00,00,00,00,00,00,
37972168,000001FF,false,Rx,1,8,00,00,00,00,00,00,00,00,
37972403,000004D5,false,Rx,1,8,00,00,04,40,04,29,29,1A,
37972651,0000051F,false,Rx,1,8,00,00,0A,0B,00,00,00,00,
37972890,000005A6,false,Rx,1,8,14,00,00,00,1C,00,00,00,
37973138,000005A7,false,Rx,1,8,00,00,00,00,01,00,00,00,
37973388,00000620,false,Rx,1,8,0B,78,00,00,00,00,0A,0B,
37973627,00000671,false,Rx,1,8,0A,00,AE,AE,00,00,14,0D,
37982284,000001FF,false,Rx,1,8,00,00,00,00,00,00,00,00,
37992312,000001FF,false,Rx,1,8,00,00,00,00,00,00,00,00,
38002639,000001FF,false,Rx,1,8,00,00,00,00,00,00,00,00,
38012169,000001FF,false,Rx,1,8,00,00,00,00,00,00,00,00,
38022664,000001FF,false,Rx,1,8,00,00,00,00,00,00,00,00,
38032682,000001FF,false,Rx,1,8,00,00,00,00,00,00,00,00,
38042690,000001FF,false,Rx,1,8,00,00,00,00,00,00,00,00,
38052666,000001FF,false,Rx,1,8,00,00,00,00,00,00,00,00,
38062197,000001FF,false,Rx,1,8,00,00,00,00,00,00,00,00,
38072173,000001FF,false,Rx,1,8,00,00,00,00,00,00,00,00,
38072407,000004D5,false,Rx,1,8,00,00,04,40,04,29,29,1A,
38072656,0000051F,false,Rx,1,8,00,00,0A,0B,00,00,00,00,
38072894,000005A6,false,Rx,1,8,14,00,00,00,1C,00,00,00,
38073142,000005A7,false,Rx,1,8,00,00,00,00,01,00,00,00,
38073393,00000620,false,Rx,1,8,0C,78,00,00,00,00,0A,0B,
38073621,00000671,false,Rx,1,8,0A,00,AE,AE,00,00,14,0D,
38082288,000001FF,false,Rx,1,8,00,00,00,00,00,00,00,00,
38092308,000001FF,false,Rx,1,8,00,00,00,00,00,00,00,00,
38102638,000001FF,false,Rx,1,8,00,00,00,00,00,00,00,00,
38112168,000001FF,false,Rx,1,8,00,00,00,00,00,00,00,00,
38122665,000001FF,false,Rx,1,8,00,00,00,00,00,00,00,00,
38132682,000001FF,false,Rx,1,8,00,00,00,00,00,00,00,00,
38142690,000001FF,false,Rx,1,8,00,00,00,00,00,00,00,00,
38152676,000001FF,false,Rx,1,8,00,00,00,00,00,00,00,00,
38162196,000001FF,false,Rx,1,8,00,00,00,00,00,00,00,00,
38172172,000001FF,false,Rx,1,8,00,00,00,00,00,00,00,00,
38172406,000004D5,false,Rx,1,8,00,00,04,40,04,29,29,1A,
38172656,0000051F,false,Rx,1,8,00,00,0A,0B,00,00,00,00,
38172893,000005A6,false,Rx,1,8,14,00,00,00,1C,00,00,00,
38173142,000005A7,false,Rx,1,8,00,00,00,00,01,00,00,00,
38173392,00000620,false,Rx,1,8,21,78,00,00,00,00,0A,0B,
38173620,00000671,false,Rx,1,8,0A,00,AE,AE,00,00,14,0D,
38182287,000001FF,false,Rx,1,8,00,00,00,00,00,00,00,00,
38192317,000001FF,false,Rx,1,8,00,00,00,00,00,00,00,00,
38202646,000001FF,false,Rx,1,8,00,00,00,00,00,00,00,00,
38212178,000001FF,false,Rx,1,8,00,00,00,00,00,00,00,00,
38222672,000001FF,false,Rx,1,8,00,00,00,00,00,00,00,00,
38232679,000001FF,false,Rx,1,8,00,00,00,00,00,00,00,00,
38242687,000001FF,false,Rx,1,8,00,00,00,00,00,00,00,00,
38252673,000001FF,false,Rx,1,8,00,00,00,00,00,00,00,00,
38262193,000001FF,false,Rx,1,8,00,00,00,00,00,00,00,00,
38272179,000001FF,false,Rx,1,8,00,00,00,00,00,00,00,00,
38272414,000004D5,false,Rx,1,8,00,00,04,40,04,29,29,1A,
38272652,0000051F,false,Rx,1,8,00,00,0A,0B,00,00,00,00,
38272900,000005A6,false,Rx,1,8,14,00,00,00,1C,00,00,00,
38273150,000005A7,false,Rx,1,8,00,00,00,00,01,00,00,00,
38273389,00000620,false,Rx,1,8,22,78,00,00,00,00,0A,0B,
38273627,00000671,false,Rx,1,8,0A,00,AE,AE,00,00,14,0D,
38282298,000001FF,false,Rx,1,8,00,00,00,00,00,00,00,00,
38292308,000001FF,false,Rx,1,8,00,00,00,00,00,00,00,00,
38302639,000001FF,false,Rx,1,8,00,00,00,00,00,00,00,00,
38312179,000001FF,false,Rx,1,8,00,00,00,00,00,00,00,00,
38322664,000001FF,false,Rx,1,8,00,00,00,00,00,00,00,00,
38332682,000001FF,false,Rx,1,8,00,00,00,00,00,00,00,00,
38342691,000001FF,false,Rx,1,8,00,00,00,00,00,00,00,00,
38352677,000001FF,false,Rx,1,8,00,00,00,00,00,00,00,00,
38362199,000001FF,false,Rx,1,8,00,00,00,00,00,00,00,00,
38372175,000001FF,false,Rx,1,8,00,00,00,00,00,00,00,00,
38372409,000004D5,false,Rx,1,8,00,00,04,40,04,29,29,1A,
38372657,0000051F,false,Rx,1,8,00,00,0A,0B,00,00,00,00,
38372895,000005A6,false,Rx,1,8,14,00,00,00,1C,00,00,00,
38373145,000005A7,false,Rx,1,8,00,00,00,00,01,00,00,00,
38373394,00000620,false,Rx,1,8,25,78,00,00,00,00,0A,0B,
38373622,00000671,false,Rx,1,8,0A,00,AE,AE,00,00,14,0D,
38382290,000001FF,false,Rx,1,8,00,00,00,00,00,00,00,00,
38392318,000001FF,false,Rx,1,8,00,00,00,00,00,00,00,00,
38402638,000001FF,false,Rx,1,8,00,00,00,00,00,00,00,00,
38412180,000001FF,false,Rx,1,8,00,00,00,00,00,00,00,00,
38422664,000001FF,false,Rx,1,8,00,00,00,00,00,00,00,00,
38432682,000001FF,false,Rx,1,8,00,00,00,00,00,00,00,00,
38442689,000001FF,false,Rx,1,8,00,00,00,00,00,00,00,00,
38452676,000001FF,false,Rx,1,8,00,00,00,00,00,00,00,00,
38462197,000001FF,false,Rx,1,8,00,00,00,00,00,00,00,00,
38472183,000001FF,false,Rx,1,8,00,00,00,00,00,00,00,00,
38472417,000004D5,false,Rx,1,8,00,00,04,40,04,29,29,1A,
38472655,0000051F,false,Rx,1,8,00,00,0A,0B,00,00,00,00,
38472904,000005A6,false,Rx,1,8,14,00,00,00,1C,00,00,00,
38473152,000005A7,false,Rx,1,8,00,00,00,00,01,00,00,00,
38473391,00000620,false,Rx,1,8,2C,78,00,00,00,00,0A,0B,
38473630,00000671,false,Rx,1,8,0A,00,AE,AE,00,00,14,0D,
38482298,000001FF,false,Rx,1,8,00,00,00,00,00,00,00,00,
38492314,000001FF,false,Rx,1,8,00,00,00,00,00,00,00,00,
38502643,000001FF,false,Rx,1,8,00,00,00,00,00,00,00,00,
38512175,000001FF,false,Rx,1,8,00,00,00,00,00,00,00,00,
38522670,000001FF,false,Rx,1,8,00,00,00,00,00,00,00,00,
38532677,000001FF,false,Rx,1,8,00,00,00,00,00,00,00,00,
38542696,000001FF,false,Rx,1,8,00,00,00,00,00,00,00,00,
38552672,000001FF,false,Rx,1,8,00,00,00,00,00,00,00,00,
38562202,000001FF,false,Rx,1,8,00,00,00,00,00,00,00,00,
38572178,000001FF,false,Rx,1,8,00,00,00,00,00,00,00,00,
38572412,000004D5,false,Rx,1,8,00,00,04,40,04,29,29,1A,
38572661,0000051F,false,Rx,1,8,00,00,0A,0B,00,00,00,00,
38572899,000005A6,false,Rx,1,8,14,00,00,00,1C,00,00,00,
38573147,000005A7,false,Rx,1,8,00,00,00,00,01,00,00,00,
38573388,00000620,false,Rx,1,8,2D,78,00,00,00,00,0A,0B,
38573626,00000671,false,Rx,1,8,0A,00,AE,AE,00,00,14,0D,
38582293,000001FF,false,Rx,1,8,00,00,00,00,00,00,00,00,
38592323,000001FF,false,Rx,1,8,00,00,00,00,00,00,00,00,
38602641,000001FF,false,Rx,1,8,00,00,00,00,00,00,00,00,
38612183,000001FF,false,Rx,1,8,00,00,00,00,00,00,00,00,
38622666,000001FF,false,Rx,1,8,00,00,00,00,00,00,00,00,
38632683,000001FF,false,Rx,1,8,00,00,00,00,00,00,00,00,
38642701,000001FF,false,Rx,1,8,00,00,00,00,00,00,00,00,
38652677,000001FF,false,Rx,1,8,00,00,00,00,00,00,00,00,
38662198,000001FF,false,Rx,1,8,00,00,00,00,00,00,00,00,
38672184,000001FF,false,Rx,1,8,00,00,00,00,00,00,00,00,
38672418,000004D5,false,Rx,1,8,00,00,04,40,04,29,29,1A,
38672657,0000051F,false,Rx,1,8,00,00,0A,0B,00,00,00,00,
38672905,000005A6,false,Rx,1,8,14,00,00,00,1C,00,00,00,
38673153,000005A7,false,Rx,1,8,00,00,00,00,01,00,00,00,
38673393,00000620,false,Rx,1,8,72,78,00,00,00,00,0A,0B,
38673631,00000671,false,Rx,1,8,0A,00,AE,AE,00,00,14,0D,
38682298,000001FF,false,Rx,1,8,00,00,00,00,00,00,00,00,
38692317,000001FF,false,Rx,1,8,00,00,00,00,00,00,00,00,
38702646,000001FF,false,Rx,1,8,00,00,00,00,00,00,00,00,
38712177,000001FF,false,Rx,1,8,00,00,00,00,00,00,00,00,
38722671,000001FF,false,Rx,1,8,00,00,00,00,00,00,00,00,
38732688,000001FF,false,Rx,1,8,00,00,00,00,00,00,00,00,
38742696,000001FF,false,Rx,1,8,00,00,00,00,00,00,00,00,
38752682,000001FF,false,Rx,1,8,00,00,00,00,00,00,00,00,
38762203,000001FF,false,Rx,1,8,00,00,00,00,00,00,00,00,
38772179,000001FF,false,Rx,1,8,00,00,00,00,00,00,00,00,
38772414,000004D5,false,Rx,1,8,00,00,04,40,04,29,29,1A,
38772662,0000051F,false,Rx,1,8,00,00,0A,0B,00,00,00,00,
38772900,000005A6,false,Rx,1,8,14,00,00,00,1C,00,00,00,
38773150,000005A7,false,Rx,1,8,00,00,00,00,01,00,00,00,
38773389,00000620,false,Rx,1,8,0B,78,00,00,00,00,0A,0B,
38773627,00000671,false,Rx,1,8,0A,00,AE,AE,00,00,14,0D,
38782295,000001FF,false,Rx,1,8,00,00,00,00,00,00,00,00,
38792323,000001FF,false,Rx,1,8,00,00,00,00,00,00,00,00,
38802651,000001FF,false,Rx,1,8,00,00,00,00,00,00,00,00,
38812182,000001FF,false,Rx,1,8,00,00,00,00,00,00,00,00,
38822676,000001FF,false,Rx,1,8,00,00,00,00,00,00,00,00,
38832685,000001FF,false,Rx,1,8,00,00,00,00,00,00,00,00,
38842693,000001FF,false,Rx,1,8,00,00,00,00,00,00,00,00,
38852679,000001FF,false,Rx,1,8,00,00,00,00,00,00,00,00,
38862201,000001FF,false,Rx,1,8,00,00,00,00,00,00,00,00,
38872189,000001FF,false,Rx,1,8,00,00,00,00,00,00,00,00,
38872412,000004D5,false,Rx,1,8,00,00,04,40,04,29,29,1A,
38872660,0000051F,false,Rx,1,8,00,00,0A,0B,00,00,00,00,
38872910,000005A6,false,Rx,1,8,14,00,00,00,1C,00,00,00,
38873158,000005A7,false,Rx,1,8,00,00,00,00,01,00,00,00,
38873397,00000620,false,Rx,1,8,0C,78,00,00,00,00,0A,0B,
38873635,00000671,false,Rx,1,8,0A,00,AE,AE,00,00,14,0D,
38882293,000001FF,false,Rx,1,8,00,00,00,00,00,00,00,00,
38892320,000001FF,false,Rx,1,8,00,00,00,00,00,00,00,00,
38902648,000001FF,false,Rx,1,8,00,00,00,00,00,00,00,00,
38912180,000001FF,false,Rx,1,8,00,00,00,00,00,00,00,00,
38922674,000001FF,false,Rx,1,8,00,00,00,00,00,00,00,00,
38932692,000001FF,false,Rx,1,8,00,00,00,00,00,00,00,00,
38942700,000001FF,false,Rx,1,8,00,00,00,00,00,00,00,00,
38952676,000001FF,false,Rx,1,8,00,00,00,00,00,00,00,00,
38962199,000001FF,false,Rx,1,8,00,00,00,00,00,00,00,00,
38972185,000001FF,false,Rx,1,8,00,00,00,00,00,00,00,00,
38972419,000004D5,false,Rx,1,8,00,00,04,40,04,29,29,1A,
38972657,0000051F,false,Rx,1,8,00,00,0A,0B,00,00,00,00,
38972906,000005A6,false,Rx,1,8,14,00,00,00,1C,00,00,00,
38973154,000005A7,false,Rx,1,8,00,00,00,00,01,00,00,00,
38973393,00000620,false,Rx,1,8,21,78,00,00,00,00,0A,0B,
38973632,00000671,false,Rx,1,8,0A,00,AE,AE,00,00,14,0D,
38982299,000001FF,false,Rx,1,8,00,00,00,00,00,00,00,00,
38992318,000001FF,false,Rx,1,8,00,00,00,00,00,00,00,00,
39002655,000001FF,false,Rx,1,8,00,00,00,00,00,00,00,00,
39012187,000001FF,false,Rx,1,8,00,00,00,00,00,00,00,00,
39022670,000001FF,false,Rx,1,8,00,00,00,00,00,00,00,00,
39032687,000001FF,false,Rx,1,8,00,00,00,00,00,00,00,00,
39042695,000001FF,false,Rx,1,8,00,00,00,00,00,00,00,00,
39052680,000001FF,false,Rx,1,8,00,00,00,00,00,00,00,00,
39062200,000001FF,false,Rx,1,8,00,00,00,00,00,00,00,00,
39072186,000001FF,false,Rx,1,8,00,00,00,00,00,00,00,00,
39072420,000004D5,false,Rx,1,8,00,00,04,40,04,29,29,1A,
39072669,0000051F,false,Rx,1,8,00,00,0A,0B,00,00,00,00,
39072907,000005A6,false,Rx,1,8,14,00,00,00,1C,00,00,00,
39073155,000005A7,false,Rx,1,8,00,00,00,00,01,00,00,00,
39073396,00000620,false,Rx,1,8,22,78,00,00,00,00,0A,0B,
39073634,00000671,false,Rx,1,8,0A,00,AE,AE,00,00,14,0D,
39082302,000001FF,false,Rx,1,8,00,00,00,00,00,00,00,00,
39092320,000001FF,false,Rx,1,8,00,00,00,00,00,00,00,00,
39102649,000001FF,false,Rx,1,8,00,00,00,00,00,00,00,00,
39112189,000001FF,false,Rx,1,8,00,00,00,00,00,00,00,00,
39122672,000001FF,false,Rx,1,8,00,00,00,00,00,00,00,00,
39132691,000001FF,false,Rx,1,8,00,00,00,00,00,00,00,00,
39142697,000001FF,false,Rx,1,8,00,00,00,00,00,00,00,00,
39152684,000001FF,false,Rx,1,8,00,00,00,00,00,00,00,00,
39162204,000001FF,false,Rx,1,8,00,00,00,00,00,00,00,00,
39172180,000001FF,false,Rx,1,8,00,00,00,00,00,00,00,00,
39172415,000004D5,false,Rx,1,8,00,00,04,40,04,29,29,1A,
39172663,0000051F,false,Rx,1,8,00,00,0A,0B,00,00,00,00,
39172911,000005A6,false,Rx,1,8,14,00,00,00,1C,00,00,00,
39173160,000005A7,false,Rx,1,8,00,00,00,00,01,00,00,00,
39173399,00000620,false,Rx,1,8,25,78,00,00,00,00,0A,0B,
39173637,00000671,false,Rx,1,8,0A,00,AE,AE,00,00,14,0D,
39182297,000001FF,false,Rx,1,8,00,00,00,00,00,00,00,00,
39192324,000001FF,false,Rx,1,8,00,00,00,00,00,00,00,00,
39202654,000001FF,false,Rx,1,8,00,00,00,00,00,00,00,00,
39212185,000001FF,false,Rx,1,8,00,00,00,00,00,00,00,00,
39222680,000001FF,false,Rx,1,8,00,00,00,00,00,00,00,00,
39232687,000001FF,false,Rx,1,8,00,00,00,00,00,00,00,00,
39242706,000001FF,false,Rx,1,8,00,00,00,00,00,00,00,00,
39252682,000001FF,false,Rx,1,8,00,00,00,00,00,00,00,00,
39262203,000001FF,false,Rx,1,8,00,00,00,00,00,00,00,00,
39272189,000001FF,false,Rx,1,8,00,00,00,00,00,00,00,00,
39272424,000004D5,false,Rx,1,8,00,00,04,40,04,29,29,1A,
39272662,0000051F,false,Rx,1,8,00,00,0A,0B,00,00,00,00,
39272910,000005A6,false,Rx,1,8,14,00,00,00,1C,00,00,00,
39273160,000005A7,false,Rx,1,8,00,00,00,00,01,00,00,00,
39273399,00000620,false,Rx,1,8,2C,78,00,00,00,00,0A,0B,
39273637,00000671,false,Rx,1,8,0A,00,AE,AE,00,00,14,0D,
39282295,000001FF,false,Rx,1,8,00,00,00,00,00,00,00,00,
39292323,000001FF,false,Rx,1,8,00,00,00,00,00,00,00,00,
39302650,000001FF,false,Rx,1,8,00,00,00,00,00,00,00,00,
39312192,000001FF,false,Rx,1,8,00,00,00,00,00,00,00,00,
39322675,000001FF,false,Rx,1,8,00,00,00,00,00,00,00,00,
39332692,000001FF,false,Rx,1,8,00,00,00,00,00,00,00,00,
39342701,000001FF,false,Rx,1,8,00,00,00,00,00,00,00,00,
39352688,000001FF,false,Rx,1,8,00,00,00,00,00,00,00,00,
39362209,000001FF,false,Rx,1,8,00,00,00,00,00,00,00,00,
39372185,000001FF,false,Rx,1,8,00,00,00,00,00,00,00,00,
39372419,000004D5,false,Rx,1,8,00,00,04,40,04,29,29,1A,
39372667,0000051F,false,Rx,1,8,00,00,0A,0B,00,00,00,00,
39372906,000005A6,false,Rx,1,8,14,00,00,00,1C,00,00,00,
39373154,000005A7,false,Rx,1,8,00,00,00,00,01,00,00,00,
39373404,00000620,false,Rx,1,8,2D,78,00,00,00,00,0A,0B,
39373632,00000671,false,Rx,1,8,0A,00,AE,AE,00,00,14,0D,
39382300,000001FF,false,Rx,1,8,00,00,00,00,00,00,00,00,
39392328,000001FF,false,Rx,1,8,00,00,00,00,00,00,00,00,
39402655,000001FF,false,Rx,1,8,00,00,00,00,00,00,00,00,
39412186,000001FF,false,Rx,1,8,00,00,00,00,00,00,00,00,
39422680,000001FF,false,Rx,1,8,00,00,00,00,00,00,00,00,
39432697,000001FF,false,Rx,1,8,00,00,00,00,00,00,00,00,
39442705,000001FF,false,Rx,1,8,00,00,00,00,00,00,00,00,
39452682,000001FF,false,Rx,1,8,00,00,00,00,00,00,00,00,
39462204,000001FF,false,Rx,1,8,00,00,00,00,00,00,00,00,
39472190,000001FF,false,Rx,1,8,00,00,00,00,00,00,00,00,
39472424,000004D5,false,Rx,1,8,00,00,04,40,04,29,29,1A,
39472672,0000051F,false,Rx,1,8,00,00,0A,0B,00,00,00,00,
39472911,000005A6,false,Rx,1,8,14,00,00,00,1C,00,00,00,
39473159,000005A7,false,Rx,1,8,00,00,00,00,01,00,00,00,
39473399,00000620,false,Rx,1,8,72,78,00,00,00,00,0A,0B,
39473638,00000671,false,Rx,1,8,0A,00,AE,AE,00,00,14,0D,
39482297,000001FF,false,Rx,1,8,00,00,00,00,00,00,00,00,
39492325,000001FF,false,Rx,1,8,00,00,00,00,00,00,00,00,
39502654,000001FF,false,Rx,1,8,00,00,00,00,00,00,00,00,
39512185,000001FF,false,Rx,1,8,00,00,00,00,00,00,00,00,
39522681,000001FF,false,Rx,1,8,00,00,00,00,00,00,00,00,
39532698,000001FF,false,Rx,1,8,00,00,00,00,00,00,00,00,
39542707,000001FF,false,Rx,1,8,00,00,00,00,00,00,00,00,
39552683,000001FF,false,Rx,1,8,00,00,00,00,00,00,00,00,
39562204,000001FF,false,Rx,1,8,00,00,00,00,00,00,00,00,
39572190,000001FF,false,Rx,1,8,00,00,00,00,00,00,00,00,
39572424,000004D5,false,Rx,1,8,00,00,04,40,04,29,29,1A,
39572663,0000051F,false,Rx,1,8,00,00,0A,0B,00,00,00,00,
39572911,000005A6,false,Rx,1,8,14,00,00,00,1C,00,00,00,
39573159,000005A7,false,Rx,1,8,00,00,00,00,01,00,00,00,
39573400,00000620,false,Rx,1,8,0B,78,00,00,00,00,0A,0B,
39573638,00000671,false,Rx,1,8,0A,00,AE,AE,00,00,14,0D,
39582296,000001FF,false,Rx,1,8,00,00,00,00,00,00,00,00,
39592324,000001FF,false,Rx,1,8,00,00,00,00,00,00,00,00,
39602655,000001FF,false,Rx,1,8,00,00,00,00,00,00,00,00,
39612185,000001FF,false,Rx,1,8,00,00,00,00,00,00,00,00,
39622680,000001FF,false,Rx,1,8,00,00,00,00,00,00,00,00,
39632697,000001FF,false,Rx,1,8,00,00,00,00,00,00,00,00,
39642706,000001FF,false,Rx,1,8,00,00,00,00,00,00,00,00,
39652682,000001FF,false,Rx,1,8,00,00,00,00,00,00,00,00,
39662204,000001FF,false,Rx,1,8,00,00,00,00,00,00,00,00,
39672190,000001FF,false,Rx,1,8,00,00,00,00,00,00,00,00,
39672425,000004D5,false,Rx,1,8,00,00,04,40,04,29,29,1A,
39672673,0000051F,false,Rx,1,8,00,00,0A,0B,00,00,00,00,
39672911,000005A6,false,Rx,1,8,14,00,00,00,1C,00,00,00,
39673160,000005A7,false,Rx,1,8,00,00,00,00,01,00,00,00,
39673409,00000620,false,Rx,1,8,0C,78,00,00,00,00,0A,0B,
39673637,00000671,false,Rx,1,8,0A,00,AE,AE,00,00,14,0D,
39682304,000001FF,false,Rx,1,8,00,00,00,00,00,00,00,00,
39692323,000001FF,false,Rx,1,8,00,00,00,00,00,00,00,00,
39702661,000001FF,false,Rx,1,8,00,00,00,00,00,00,00,00,
39712193,000001FF,false,Rx,1,8,00,00,00,00,00,00,00,00,
39722677,000001FF,false,Rx,1,8,00,00,00,00,00,00,00,00,
39732695,000001FF,false,Rx,1,8,00,00,00,00,00,00,00,00,
39742712,000001FF,false,Rx,1,8,00,00,00,00,00,00,00,00,
39752688,000001FF,false,Rx,1,8,00,00,00,00,00,00,00,00,
39762208,000001FF,false,Rx,1,8,00,00,00,00,00,00,00,00,
39772194,000001FF,false,Rx,1,8,00,00,00,00,00,00,00,00,
39772419,000004D5,false,Rx,1,8,00,00,04,40,04,29,29,1A,
39772667,0000051F,false,Rx,1,8,00,00,0A,0B,00,00,00,00,
39772915,000005A6,false,Rx,1,8,14,00,00,00,1C,00,00,00,
39773165,000005A7,false,Rx,1,8,00,00,00,00,01,00,00,00,
39773404,00000620,false,Rx,1,8,21,78,00,00,00,00,0A,0B,
39773642,00000671,false,Rx,1,8,0A,00,AE,AE,00,00,14,0D,
39782300,000001FF,false,Rx,1,8,00,00,00,00,00,00,00,00,
39792328,000001FF,false,Rx,1,8,00,00,00,00,00,00,00,00,
39802655,000001FF,false,Rx,1,8,00,00,00,00,00,00,00,00,
39812188,000001FF,false,Rx,1,8,00,00,00,00,00,00,00,00,
39822681,000001FF,false,Rx,1,8,00,00,00,00,00,00,00,00,
39832699,000001FF,false,Rx,1,8,00,00,00,00,00,00,00,00,
39842708,000001FF,false,Rx,1,8,00,00,00,00,00,00,00,00,
39852685,000001FF,false,Rx,1,8,00,00,00,00,00,00,00,00,
39862217,000001FF,false,Rx,1,8,00,00,00,00,00,00,00,00,
39872194,000001FF,false,Rx,1,8,00,00,00,00,00,00,00,00,
39872428,000004D5,false,Rx,1,8,00,00,04,40,04,29,29,1A,
39872676,0000051F,false,Rx,1,8,00,00,0A,0B,00,00,00,00,
39872915,000005A6,false,Rx,1,8,14,00,00,00,1C,00,00,00,
39873163,000005A7,false,Rx,1,8,00,00,00,00,01,00,00,00,
39873413,00000620,false,Rx,1,8,22,78,00,00,00,00,0A,0B,
39873641,00000671,false,Rx,1,8,0A,00,AE,AE,00,00,14,0D,
39882308,000001FF,false,Rx,1,8,00,00,00,00,00,00,00,00,
39892329,000001FF,false,Rx,1,8,00,00,00,00,00,00,00,00,
39902656,000001FF,false,Rx,1,8,00,00,00,00,00,00,00,00,
39912188,000001FF,false,Rx,1,8,00,00,00,00,00,00,00,00,
39922681,000001FF,false,Rx,1,8,00,00,00,00,00,00,00,00,
39932698,000001FF,false,Rx,1,8,00,00,00,00,00,00,00,00,
39942706,000001FF,false,Rx,1,8,00,00,00,00,00,00,00,00,
39952693,000001FF,false,Rx,1,8,00,00,00,00,00,00,00,00,
39962214,000001FF,false,Rx,1,8,00,00,00,00,00,00,00,00,
39972190,000001FF,false,Rx,1,8,00,00,00,00,00,00,00,00,
39972424,000004D5,false,Rx,1,8,00,00,04,40,04,29,29,1A,
39972673,0000051F,false,Rx,1,8,00,00,0A,0B,00,00,00,00,
39972921,000005A6,false,Rx,1,8,14,00,00,00,1C,00,00,00,
39973170,000005A7,false,Rx,1,8,00,00,00,00,01,00,00,00,
39973409,00000620,false,Rx,1,8,25,78,00,00,00,00,0A,0B,
39973648,00000671,false,Rx,1,8,0A,00,AE,AE,00,00,14,0D,
39982307,000001FF,false,Rx,1,8,00,00,00,00,00,00,00,00,
39992335,000001FF,false,Rx,1,8,00,00,00,00,00,00,00,00,
40002665,000001FF,false,Rx,1,8,00,00,00,00,00,00,00,00,
40012195,000001FF,false,Rx,1,8,00,00,00,00,00,00,00,00,
40022688,000001FF,false,Rx,1,8,00,00,00,00,00,00,00,00,
40032696,000001FF,false,Rx,1,8,00,00,00,00,00,00,00,00,
40042714,000001FF,false,Rx,1,8,00,00,00,00,00,00,00,00,
40052690,000001FF,false,Rx,1,8,00,00,00,00,00,00,00,00,
40062221,000001FF,false,Rx,1,8,00,00,00,00,00,00,00,00,
40072199,000001FF,false,Rx,1,8,00,00,00,00,00,00,00,00,
40072432,000004D5,false,Rx,1,8,00,00,04,40,04,29,29,1A,
40072682,0000051F,false,Rx,1,8,00,00,0A,0B,00,00,00,00,
40072920,000005A6,false,Rx,1,8,14,00,00,00,1C,00,00,00,
40073168,000005A7,false,Rx,1,8,00,00,00,00,01,00,00,00,
40073408,00000620,false,Rx,1,8,2C,78,00,00,00,00,0A,0B,
40073646,00000671,false,Rx,1,8,0A,00,AE,AE,00,00,14,0D,
40082313,000001FF,false,Rx,1,8,00,00,00,00,00,00,00,00,
40092333,000001FF,false,Rx,1,8,00,00,00,00,00,00,00,00,
40102661,000001FF,false,Rx,1,8,00,00,00,00,00,00,00,00,
40112193,000001FF,false,Rx,1,8,00,00,00,00,00,00,00,00,
40122687,000001FF,false,Rx,1,8,00,00,00,00,00,00,00,00,
40132706,000001FF,false,Rx,1,8,00,00,00,00,00,00,00,00,
40142713,000001FF,false,Rx,1,8,00,00,00,00,00,00,00,00,
40152690,000001FF,false,Rx,1,8,00,00,00,00,00,00,00,00,
40162221,000001FF,false,Rx,1,8,00,00,00,00,00,00,00,00,
40172196,000001FF,false,Rx,1,8,00,00,00,00,00,00,00,00,
40172432,000004D5,false,Rx,1,8,00,00,04,40,04,29,29,1A,
40172670,0000051F,false,Rx,1,8,00,00,0A,0B,00,00,00,00,
40172918,000005A6,false,Rx,1,8,14,00,00,00,1C,00,00,00,
40173167,000005A7,false,Rx,1,8,00,00,00,00,01,00,00,00,
40173406,00000620,false,Rx,1,8,2D,78,00,00,00,00,0A,0B,
40173644,00000671,false,Rx,1,8,0A,00,AE,AE,00,00,14,0D,
40182313,000001FF,false,Rx,1,8,00,00,00,00,00,00,00,00,
40192340,000001FF,false,Rx,1,8,00,00,00,00,00,00,00,00,
40202659,000001FF,false,Rx,1,8,00,00,00,00,00,00,00,00,
40212189,000001FF,false,Rx,1,8,00,00,00,00,00,00,00,00,
40222685,000001FF,false,Rx,1,8,00,00,00,00,00,00,00,00,
40232702,000001FF,false,Rx,1,8,00,00,00,00,00,00,00,00,
40242710,000001FF,false,Rx,1,8,00,00,00,00,00,00,00,00,
40252697,000001FF,false,Rx,1,8,00,00,00,00,00,00,00,00,
40262218,000001FF,false,Rx,1,8,00,00,00,00,00,00,00,00,
40272194,000001FF,false,Rx,1,8,00,00,00,00,00,00,00,00,
40272428,000004D5,false,Rx,1,8,00,00,04,40,04,29,29,1A,
40272676,0000051F,false,Rx,1,8,00,00,0A,0B,00,00,00,00,
40272925,000005A6,false,Rx,1,8,14,00,00,00,1C,00,00,00,
40273175,000005A7,false,Rx,1,8,00,00,00,00,01,00,00,00,
40273413,00000620,false,Rx,1,8,72,78,00,00,00,00,0A,0B,
40273651,00000671,false,Rx,1,8,0A,00,AE,AE,00,00,14,0D,
40282309,000001FF,false,Rx,1,8,00,00,00,00,00,00,00,00,
40292336,000001FF,false,Rx,1,8,00,00,00,00,00,00,00,00,
40302664,000001FF,false,Rx,1,8,00,00,00,00,00,00,00,00,
40312196,000001FF,false,Rx,1,8,00,00,00,00,00,00,00,00,
40322690,000001FF,false,Rx,1,8,00,00,00,00,00,00,00,00,
40332707,000001FF,false,Rx,1,8,00,00,00,00,00,00,00,00,
40342717,000001FF,false,Rx,1,8,00,00,00,00,00,00,00,00,
40352693,000001FF,false,Rx,1,8,00,00,00,00,00,00,00,00,
40362214,000001FF,false,Rx,1,8,00,00,00,00,00,00,00,00,
40372200,000001FF,false,Rx,1,8,00,00,00,00,00,00,00,00,
40372434,000004D5,false,Rx,1,8,00,00,04,40,04,29,29,1A,
40372672,0000051F,false,Rx,1,8,00,00,0A,0B,00,00,00,00,
40372921,000005A6,false,Rx,1,8,14,00,00,00,1C,00,00,00,
40373170,000005A7,false,Rx,1,8,00,00,00,00,01,00,00,00,
40373409,00000620,false,Rx,1,8,0B,78,00,00,00,00,0A,0B,
40373648,00000671,false,Rx,1,8,0A,00,AE,AE,00,00,14,0D,
40382318,000001FF,false,Rx,1,8,00,00,00,00,00,00,00,00,
40392335,000001FF,false,Rx,1,8,00,00,00,00,00,00,00,00,
40402664,000001FF,false,Rx,1,8,00,00,00,00,00,00,00,00,
40412195,000001FF,false,Rx,1,8,00,00,00,00,00,00,00,00,
40422687,000001FF,false,Rx,1,8,00,00,00,00,00,00,00,00,
40432706,000001FF,false,Rx,1,8,00,00,00,00,00,00,00,00,
40442713,000001FF,false,Rx,1,8,00,00,00,00,00,00,00,00,
40452691,000001FF,false,Rx,1,8,00,00,00,00,00,00,00,00,
40462221,000001FF,false,Rx,1,8,00,00,00,00,00,00,00,00,
40472199,000001FF,false,Rx,1,8,00,00,00,00,00,00,00,00,
40472432,000004D5,false,Rx,1,8,00,00,04,40,04,29,29,1A,
40472682,0000051F,false,Rx,1,8,00,00,0A,0B,00,00,00,00,
40472930,000005A6,false,Rx,1,8,14,00,00,00,1C,00,00,00,
40473179,000005A7,false,Rx,1,8,00,00,00,00,01,00,00,00,
40473418,00000620,false,Rx,1,8,0C,78,00,00,00,00,0A,0B,
40473656,00000671,false,Rx,1,8,0A,00,AE,AE,00,00,14,0D,
40482313,000001FF,false,Rx,1,8,00,00,00,00,00,00,00,00,
40492340,000001FF,false,Rx,1,8,00,00,00,00,00,00,00,00,
40502670,000001FF,false,Rx,1,8,00,00,00,00,00,00,00,00,
40512200,000001FF,false,Rx,1,8,00,00,00,00,00,00,00,00,
40522686,000001FF,false,Rx,1,8,00,00,00,00,00,00,00,00,
40532703,000001FF,false,Rx,1,8,00,00,00,00,00,00,00,00,
40542722,000001FF,false,Rx,1,8,00,00,00,00,00,00,00,00,
40552697,000001FF,false,Rx,1,8,00,00,00,00,00,00,00,00,
40562217,000001FF,false,Rx,1,8,00,00,00,00,00,00,00,00,
40572193,000001FF,false,Rx,1,8,00,00,00,00,00,00,00,00,
40572437,000004D5,false,Rx,1,8,00,00,04,40,04,29,29,1A,
40572676,0000051F,false,Rx,1,8,00,00,0A,0B,00,00,00,00,
40572925,000005A6,false,Rx,1,8,14,00,00,00,1C,00,00,00,
40573174,000005A7,false,Rx,1,8,00,00,00,00,01,00,00,00,
40573413,00000620,false,Rx,1,8,21,78,00,00,00,00,0A,0B,
40573651,00000671,false,Rx,1,8,0A,00,AE,AE,00,00,14,0D,
40582318,000001FF,false,Rx,1,8,00,00,00,00,00,00,00,00,
40592339,000001FF,false,Rx,1,8,00,00,00,00,00,00,00,00,
40602668,000001FF,false,Rx,1,8,00,00,00,00,00,00,00,00,
40612198,000001FF,false,Rx,1,8,00,00,00,00,00,00,00,00,
40622692,000001FF,false,Rx,1,8,00,00,00,00,00,00,00,00,
40632711,000001FF,false,Rx,1,8,00,00,00,00,00,00,00,00,
40642717,000001FF,false,Rx,1,8,00,00,00,00,00,00,00,00,
40652693,000001FF,false,Rx,1,8,00,00,00,00,00,00,00,00,
40662224,000001FF,false,Rx,1,8,00,00,00,00,00,00,00,00,
40672200,000001FF,false,Rx,1,8,00,00,00,00,00,00,00,00,
40672435,000004D5,false,Rx,1,8,00,00,04,40,04,29,29,1A,
40672683,0000051F,false,Rx,1,8,00,00,0A,0B,00,00,00,00,
40672931,000005A6,false,Rx,1,8,14,00,00,00,1C,00,00,00,
40673172,000005A7,false,Rx,1,8,00,00,00,00,01,00,00,00,
40673420,00000620,false,Rx,1,8,22,78,00,00,00,00,0A,0B,
40673658,00000671,false,Rx,1,8,0A,00,AE,AE,00,00,14,0D,
40682319,000001FF,false,Rx,1,8,00,00,00,00,00,00,00,00,
40692338,000001FF,false,Rx,1,8,00,00,00,00,00,00,00,00,
40702665,000001FF,false,Rx,1,8,00,00,00,00,00,00,00,00,
40712205,000001FF,false,Rx,1,8,00,00,00,00,00,00,00,00,
40722690,000001FF,false,Rx,1,8,00,00,00,00,00,00,00,00,
40732707,000001FF,false,Rx,1,8,00,00,00,00,00,00,00,00,
40742724,000001FF,false,Rx,1,8,00,00,00,00,00,00,00,00,
40752701,000001FF,false,Rx,1,8,00,00,00,00,00,00,00,00,
40762221,000001FF,false,Rx,1,8,00,00,00,00,00,00,00,00,
40772199,000001FF,false,Rx,1,8,00,00,00,00,00,00,00,00,
40772433,000004D5,false,Rx,1,8,00,00,04,40,04,29,29,1A,
40772681,0000051F,false,Rx,1,8,00,00,0A,0B,00,00,00,00,
40772920,000005A6,false,Rx,1,8,14,00,00,00,1C,00,00,00,
40773168,000005A7,false,Rx,1,8,00,00,00,00,01,00,00,00,
40773418,00000620,false,Rx,1,8,25,78,00,00,00,00,0A,0B,
40773656,00000671,false,Rx,1,8,0A,00,AE,AE,00,00,14,0D,
40782314,000001FF,false,Rx,1,8,00,00,00,00,00,00,00,00,
40792344,000001FF,false,Rx,1,8,00,00,00,00,00,00,00,00,
40802671,000001FF,false,Rx,1,8,00,00,00,00,00,00,00,00,
40812203,000001FF,false,Rx,1,8,00,00,00,00,00,00,00,00,
40822696,000001FF,false,Rx,1,8,00,00,00,00,00,00,00,00,
40832713,000001FF,false,Rx,1,8,00,00,00,00,00,00,00,00,
40842722,000001FF,false,Rx,1,8,00,00,00,00,00,00,00,00,
40852697,000001FF,false,Rx,1,8,00,00,00,00,00,00,00,00,
40862219,000001FF,false,Rx,1,8,00,00,00,00,00,00,00,00,
40872206,000001FF,false,Rx,1,8,00,00,00,00,00,00,00,00,
40872439,000004D5,false,Rx,1,8,00,00,04,40,04,29,29,1A,
40872688,0000051F,false,Rx,1,8,00,00,0A,0B,00,00,00,00,
40872927,000005A6,false,Rx,1,8,14,00,00,00,1C,00,00,00,
40873176,000005A7,false,Rx,1,8,00,00,00,00,01,00,00,00,
40873424,00000620,false,Rx,1,8,2C,78,00,00,00,00,0A,0B,
40873653,00000671,false,Rx,1,8,0A,00,AE,AE,00,00,14,0D,
40882320,000001FF,false,Rx,1,8,00,00,00,00,00,00,00,00,
40892339,000001FF,false,Rx,1,8,00,00,00,00,00,00,00,00,
40902666,000001FF,false,Rx,1,8,00,00,00,00,00,00,00,00,
40912209,000001FF,false,Rx,1,8,00,00,00,00,00,00,00,00,
40922692,000001FF,false,Rx,1,8,00,00,00,00,00,00,00,00,
40932709,000001FF,false,Rx,1,8,00,00,00,00,00,00,00,00,
40942716,000001FF,false,Rx,1,8,00,00,00,00,00,00,00,00,
40952702,000001FF,false,Rx,1,8,00,00,00,00,00,00,00,00,
40962222,000001FF,false,Rx,1,8,00,00,00,00,00,00,00,00,
40972199,000001FF,false,Rx,1,8,00,00,00,00,00,00,00,00,
40972432,000004D5,false,Rx,1,8,00,00,04,40,04,29,29,1A,
40972682,0000051F,false,Rx,1,8,00,00,0A,0B,00,00,00,00,
40972930,000005A6,false,Rx,1,8,14,00,00,00,1C,00,00,00,
40973179,000005A7,false,Rx,1,8,00,00,00,00,01,00,00,00,
40973418,00000620,false,Rx,1,8,2D,78,00,00,00,00,0A,0B,
40973656,00000671,false,Rx,1,8,0A,00,AE,AE,00,00,14,0D,
40982323,000001FF,false,Rx,1,8,00,00,00,00,00,00,00,00,
40992340,000001FF,false,Rx,1,8,00,00,00,00,00,00,00,00,
41002670,000001FF,false,Rx,1,8,00,00,00,00,00,00,00,00,
41012201,000001FF,false,Rx,1,8,00,00,00,00,00,00,00,00,
41022696,000001FF,false,Rx,1,8,00,00,00,00,00,00,00,00,
41032713,000001FF,false,Rx,1,8,00,00,00,00,00,00,00,00,
41042720,000001FF,false,Rx,1,8,00,00,00,00,00,00,00,00,
41052706,000001FF,false,Rx,1,8,00,00,00,00,00,00,00,00,
41062226,000001FF,false,Rx,1,8,00,00,00,00,00,00,00,00,
41072203,000001FF,false,Rx,1,8,00,00,00,00,00,00,00,00,
41072438,000004D5,false,Rx,1,8,00,00,04,40,04,29,29,1A,
41072687,0000051F,false,Rx,1,8,00,00,0A,0B,00,00,00,00,
41072935,000005A6,false,Rx,1,8,14,00,00,00,1C,00,00,00,
41073184,000005A7,false,Rx,1,8,00,00,00,00,01,00,00,00,
41073423,00000620,false,Rx,1,8,72,78,00,00,00,00,0A,0B,
41073661,00000671,false,Rx,1,8,0A,00,AE,AE,00,00,14,0D,
41082318,000001FF,false,Rx,1,8,00,00,00,00,00,00,00,00,
41092337,000001FF,false,Rx,1,8,00,00,00,00,00,00,00,00,
41102676,000001FF,false,Rx,1,8,00,00,00,00,00,00,00,00,
41112206,000001FF,false,Rx,1,8,00,00,00,00,00,00,00,00,
41122701,000001FF,false,Rx,1,8,00,00,00,00,00,00,00,00,
41132708,000001FF,false,Rx,1,8,00,00,00,00,00,00,00,00,
41142724,000001FF,false,Rx,1,8,00,00,00,00,00,00,00,00,
41152701,000001FF,false,Rx,1,8,00,00,00,00,00,00,00,00,
41162221,000001FF,false,Rx,1,8,00,00,00,00,00,00,00,00,
41172207,000001FF,false,Rx,1,8,00,00,00,00,00,00,00,00,
41172442,000004D5,false,Rx,1,8,00,00,04,40,04,29,29,1A,
41172680,0000051F,false,Rx,1,8,00,00,0A,0B,00,00,00,00,
41172928,000005A6,false,Rx,1,8,14,00,00,00,1C,00,00,00,
41173179,000005A7,false,Rx,1,8,00,00,00,00,01,00,00,00,
41173416,00000620,false,Rx,1,8,0B,78,00,00,00,00,0A,0B,
41173654,00000671,false,Rx,1,8,0A,00,AE,AE,00,00,14,0D,
41182323,000001FF,false,Rx,1,8,00,00,00,00,00,00,00,00,
41192351,000001FF,false,Rx,1,8,00,00,00,00,00,00,00,00,
41202669,000001FF,false,Rx,1,8,00,00,00,00,00,00,00,00,
41212201,000001FF,false,Rx,1,8,00,00,00,00,00,00,00,00,
41222695,000001FF,false,Rx,1,8,00,00,00,00,00,00,00,00,
41232713,000001FF,false,Rx,1,8,00,00,00,00,00,00,00,00,
41242721,000001FF,false,Rx,1,8,00,00,00,00,00,00,00,00,
41252707,000001FF,false,Rx,1,8,00,00,00,00,00,00,00,00,
41262230,000001FF,false,Rx,1,8,00,00,00,00,00,00,00,00,
41272206,000001FF,false,Rx,1,8,00,00,00,00,00,00,00,00,
41272440,000004D5,false,Rx,1,8,00,00,04,40,04,29,29,1A,
41272688,0000051F,false,Rx,1,8,00,00,0A,0B,00,00,00,00,
41272938,000005A6,false,Rx,1,8,14,00,00,00,1C,00,00,00,
41273187,000005A7,false,Rx,1,8,00,00,00,00,01,00,00,00,
41273425,00000620,false,Rx,1,8,0C,78,00,00,00,00,0A,0B,
41273664,00000671,false,Rx,1,8,0A,00,AE,AE,00,00,14,0D,
41282320,000001FF,false,Rx,1,8,00,00,00,00,00,00,00,00,
41292349,000001FF,false,Rx,1,8,00,00,00,00,00,00,00,00,
41302676,000001FF,false,Rx,1,8,00,00,00,00,00,00,00,00,
41312207,000001FF,false,Rx,1,8,00,00,00,00,00,00,00,00,
41322700,000001FF,false,Rx,1,8,00,00,00,00,00,00,00,00,
41332717,000001FF,false,Rx,1,8,00,00,00,00,00,00,00,00,
41342726,000001FF,false,Rx,1,8,00,00,00,00,00,00,00,00,
41352712,000001FF,false,Rx,1,8,00,00,00,00,00,00,00,00,
41362223,000001FF,false,Rx,1,8,00,00,00,00,00,00,00,00,
41372209,000001FF,false,Rx,1,8,00,00,00,00,00,00,00,00,
41372443,000004D5,false,Rx,1,8,00,00,04,40,04,29,29,1A,
41372691,0000051F,false,Rx,1,8,00,00,0A,0B,00,00,00,00,
41372930,000005A6,false,Rx,1,8,14,00,00,00,1C,00,00,00,
41373180,000005A7,false,Rx,1,8,00,00,00,00,01,00,00,00,
41373428,00000620,false,Rx,1,8,21,78,00,00,00,00,0A,0B,
41373657,00000671,false,Rx,1,8,0A,00,AE,AE,00,00,14,0D,
41382324,000001FF,false,Rx,1,8,00,00,00,00,00,00,00,00,
41392343,000001FF,false,Rx,1,8,00,00,00,00,00,00,00,00,
41402682,000001FF,false,Rx,1,8,00,00,00,00,00,00,00,00,
41412204,000001FF,false,Rx,1,8,00,00,00,00,00,00,00,00,
41422697,000001FF,false,Rx,1,8,00,00,00,00,00,00,00,00,
41432714,000001FF,false,Rx,1,8,00,00,00,00,00,00,00,00,
41442722,000001FF,false,Rx,1,8,00,00,00,00,00,00,00,00,
41452708,000001FF,false,Rx,1,8,00,00,00,00,00,00,00,00,
41462229,000001FF,false,Rx,1,8,00,00,00,00,00,00,00,00,
41472205,000001FF,false,Rx,1,8,00,00,00,00,00,00,00,00,
41472439,000004D5,false,Rx,1,8,00,00,04,40,04,29,29,1A,
41472689,0000051F,false,Rx,1,8,00,00,0A,0B,00,00,00,00,
41472937,000005A6,false,Rx,1,8,14,00,00,00,1C,00,00,00,
41473186,000005A7,false,Rx,1,8,00,00,00,00,01,00,00,00,
41473425,00000620,false,Rx,1,8,22,78,00,00,00,00,0A,0B,
41473663,00000671,false,Rx,1,8,0A,00,AE,AE,00,00,14,0D,
41482320,000001FF,false,Rx,1,8,00,00,00,00,00,00,00,00,
41492338,000001FF,false,Rx,1,8,00,00,00,00,00,00,00,00,
41502666,000001FF,false,Rx,1,8,00,00,00,00,00,00,00,00,
41512207,000001FF,false,Rx,1,8,00,00,00,00,00,00,00,00,
41522690,000001FF,false,Rx,1,8,00,00,00,00,00,00,00,00,
41532708,000001FF,false,Rx,1,8,00,00,00,00,00,00,00,00,
41542716,000001FF,false,Rx,1,8,00,00,00,00,00,00,00,00,
41552713,000001FF,false,Rx,1,8,00,00,00,00,00,00,00,00,
41562234,000001FF,false,Rx,1,8,00,00,00,00,00,00,00,00,
41572210,000001FF,false,Rx,1,8,00,00,00,00,00,00,00,00,
41572445,000004D5,false,Rx,1,8,00,00,04,40,04,29,29,1A,
41572693,0000051F,false,Rx,1,8,00,00,0A,0B,00,00,00,00,
41572931,000005A6,false,Rx,1,8,14,00,00,00,1C,00,00,00,
41573182,000005A7,false,Rx,1,8,00,00,00,00,01,00,00,00,
41573420,00000620,false,Rx,1,8,25,78,00,00,00,00,0A,0B,
41573658,00000671,false,Rx,1,8,0A,00,AE,AE,00,00,14,0D,
41582324,000001FF,false,Rx,1,8,00,00,00,00,00,00,00,00,
41592354,000001FF,false,Rx,1,8,00,00,00,00,00,00,00,00,
41602683,000001FF,false,Rx,1,8,00,00,00,00,00,00,00,00,
41612214,000001FF,false,Rx,1,8,00,00,00,00,00,00,00,00,
41622707,000001FF,false,Rx,1,8,00,00,00,00,00,00,00,00,
41632713,000001FF,false,Rx,1,8,00,00,00,00,00,00,00,00,
41642730,000001FF,false,Rx,1,8,00,00,00,00,00,00,00,00,
41652705,000001FF,false,Rx,1,8,00,00,00,00,00,00,00,00,
41662236,000001FF,false,Rx,1,8,00,00,00,00,00,00,00,00,
41672211,000001FF,false,Rx,1,8,00,00,00,00,00,00,00,00,
41672447,000004D5,false,Rx,1,8,00,00,04,40,04,29,29,1A,
41672695,0000051F,false,Rx,1,8,00,00,0A,0B,00,00,00,00,
41672933,000005A6,false,Rx,1,8,14,00,00,00,1C,00,00,00,
41673183,000005A7,false,Rx,1,8,00,00,00,00,01,00,00,00,
41673431,00000620,false,Rx,1,8,2C,78,00,00,00,00,0A,0B,
41673659,00000671,false,Rx,1,8,0A,00,AE,AE,00,00,14,0D,
41682328,000001FF,false,Rx,1,8,00,00,00,00,00,00,00,00,
41692345,000001FF,false,Rx,1,8,00,00,00,00,00,00,00,00,
41702683,000001FF,false,Rx,1,8,00,00,00,00,00,00,00,00,
41712215,000001FF,false,Rx,1,8,00,00,00,00,00,00,00,00,
41722698,000001FF,false,Rx,1,8,00,00,00,00,00,00,00,00,
41732716,000001FF,false,Rx,1,8,00,00,00,00,00,00,00,00,
41742733,000001FF,false,Rx,1,8,00,00,00,00,00,00,00,00,
41752711,000001FF,false,Rx,1,8,00,00,00,00,00,00,00,00,
41762232,000001FF,false,Rx,1,8,00,00,00,00,00,00,00,00,
41772209,000001FF,false,Rx,1,8,00,00,00,00,00,00,00,00,
41772443,000004D5,false,Rx,1,8,00,00,04,40,04,29,29,1A,
41772691,0000051F,false,Rx,1,8,00,00,0A,0B,00,00,00,00,
41772941,000005A6,false,Rx,1,8,14,00,00,00,1C,00,00,00,
41773190,000005A7,false,Rx,1,8,00,00,00,00,01,00,00,00,
41773428,00000620,false,Rx,1,8,2D,78,00,00,00,00,0A,0B,
41773667,00000671,false,Rx,1,8,0A,00,AE,AE,00,00,14,0D,
41782334,000001FF,false,Rx,1,8,00,00,00,00,00,00,00,00,
41792354,000001FF,false,Rx,1,8,00,00,00,00,00,00,00,00,
41802681,000001FF,false,Rx,1,8,00,00,00,00,00,00,00,00,
41812212,000001FF,false,Rx,1,8,00,00,00,00,00,00,00,00,
41822705,000001FF,false,Rx,1,8,00,00,00,00,00,00,00,00,
41832722,000001FF,false,Rx,1,8,00,00,00,00,00,00,00,00,
41842733,000001FF,false,Rx,1,8,00,00,00,00,00,00,00,00,
41852707,000001FF,false,Rx,1,8,00,00,00,00,00,00,00,00,
41862230,000001FF,false,Rx,1,8,00,00,00,00,00,00,00,00,
41872216,000001FF,false,Rx,1,8,00,00,00,00,00,00,00,00,
41872450,000004D5,false,Rx,1,8,00,00,04,40,04,29,29,1A,
41872699,0000051F,false,Rx,1,8,00,00,0A,0B,00,00,00,00,
41872937,000005A6,false,Rx,1,8,14,00,00,00,1C,00,00,00,
41873186,000005A7,false,Rx,1,8,00,00,00,00,01,00,00,00,
41873424,00000620,false,Rx,1,8,72,78,00,00,00,00,0A,0B,
41873663,00000671,false,Rx,1,8,0A,00,AE,AE,00,00,14,0D,
41882330,000001FF,false,Rx,1,8,00,00,00,00,00,00,00,00,
41892349,000001FF,false,Rx,1,8,00,00,00,00,00,00,00,00,
41902677,000001FF,false,Rx,1,8,00,00,00,00,00,00,00,00,
41912219,000001FF,false,Rx,1,8,00,00,00,00,00,00,00,00,
41922702,000001FF,false,Rx,1,8,00,00,00,00,00,00,00,00,
41932720,000001FF,false,Rx,1,8,00,00,00,00,00,00,00,00,
41942727,000001FF,false,Rx,1,8,00,00,00,00,00,00,00,00,
41952713,000001FF,false,Rx,1,8,00,00,00,00,00,00,00,00,
41962233,000001FF,false,Rx,1,8,00,00,00,00,00,00,00,00,
41972209,000001FF,false,Rx,1,8,00,00,00,00,00,00,00,00,
41972453,000004D5,false,Rx,1,8,00,00,04,40,04,29,29,1A,
41972692,0000051F,false,Rx,1,8,00,00,0A,0B,00,00,00,00,
41972940,000005A6,false,Rx,1,8,14,00,00,00,1C,00,00,00,
41973190,000005A7,false,Rx,1,8,00,00,00,00,01,00,00,00,
41973429,00000620,false,Rx,1,8,0B,78,00,00,00,00,0A,0B,
41973667,00000671,false,Rx,1,8,0A,00,AE,AE,00,00,14,0D,
41982324,000001FF,false,Rx,1,8,00,00,00,00,00,00,00,00,
41992353,000001FF,false,Rx,1,8,00,00,00,00,00,00,00,00,
42002682,000001FF,false,Rx,1,8,00,00,00,00,00,00,00,00,
42012214,000001FF,false,Rx,1,8,00,00,00,00,00,00,00,00,
42022708,000001FF,false,Rx,1,8,00,00,00,00,00,00,00,00,
42032725,000001FF,false,Rx,1,8,00,00,00,00,00,00,00,00,
42042732,000001FF,false,Rx,1,8,00,00,00,00,00,00,00,00,
42052708,000001FF,false,Rx,1,8,00,00,00,00,00,00,00,00,
42062239,000001FF,false,Rx,1,8,00,00,00,00,00,00,00,00,
42072215,000001FF,false,Rx,1,8,00,00,00,00,00,00,00,00,
42072450,000004D5,false,Rx,1,8,00,00,04,40,04,29,29,1A,
42072698,0000051F,false,Rx,1,8,00,00,0A,0B,00,00,00,00,
42072936,000005A6,false,Rx,1,8,14,00,00,00,1C,00,00,00,
42073187,000005A7,false,Rx,1,8,00,00,00,00,01,00,00,00,
42073435,00000620,false,Rx,1,8,0C,78,00,00,00,00,0A,0B,
42073662,00000671,false,Rx,1,8,0A,00,AE,AE,00,00,14,0D,
42082329,000001FF,false,Rx,1,8,00,00,00,00,00,00,00,00,
42092359,000001FF,false,Rx,1,8,00,00,00,00,00,00,00,00,
42102686,000001FF,false,Rx,1,8,00,00,00,00,00,00,00,00,
42112216,000001FF,false,Rx,1,8,00,00,00,00,00,00,00,00,
42122712,000001FF,false,Rx,1,8,00,00,00,00,00,00,00,00,
42132718,000001FF,false,Rx,1,8,00,00,00,00,00,00,00,00,
42142737,000001FF,false,Rx,1,8,00,00,00,00,00,00,00,00,
42152713,000001FF,false,Rx,1,8,00,00,00,00,00,00,00,00,
42162235,000001FF,false,Rx,1,8,00,00,00,00,00,00,00,00,
42172221,000001FF,false,Rx,1,8,00,00,00,00,00,00,00,00,
42172455,000004D5,false,Rx,1,8,00,00,04,40,04,29,29,1A,
42172693,0000051F,false,Rx,1,8,00,00,0A,0B,00,00,00,00,
42172941,000005A6,false,Rx,1,8,14,00,00,00,1C,00,00,00,
42173192,000005A7,false,Rx,1,8,00,00,00,00,01,00,00,00,
42173429,00000620,false,Rx,1,8,21,78,00,00,00,00,0A,0B,
42173667,00000671,false,Rx,1,8,0A,00,AE,AE,00,00,14,0D,
42182325,000001FF,false,Rx,1,8,00,00,00,00,00,00,00,00,
42192354,000001FF,false,Rx,1,8,00,00,00,00,00,00,00,00,
42202681,000001FF,false,Rx,1,8,00,00,00,00,00,00,00,00,
42212214,000001FF,false,Rx,1,8,00,00,00,00,00,00,00,00,
42222706,000001FF,false,Rx,1,8,00,00,00,00,00,00,00,00,
42232724,000001FF,false,Rx,1,8,00,00,00,00,00,00,00,00,
42242731,000001FF,false,Rx,1,8,00,00,00,00,00,00,00,00,
42252717,000001FF,false,Rx,1,8,00,00,00,00,00,00,00,00,
42262240,000001FF,false,Rx,1,8,00,00,00,00,00,00,00,00,
42272216,000001FF,false,Rx,1,8,00,00,00,00,00,00,00,00,
42272450,000004D5,false,Rx,1,8,00,00,04,40,04,29,29,1A,
42272698,0000051F,false,Rx,1,8,00,00,0A,0B,00,00,00,00,
42272947,000005A6,false,Rx,1,8,14,00,00,00,1C,00,00,00,
42273197,000005A7,false,Rx,1,8,00,00,00,00,01,00,00,00,
42273435,00000620,false,Rx,1,8,22,78,00,00,00,00,0A,0B,
42273674,00000671,false,Rx,1,8,0A,00,AE,AE,00,00,14,0D,
42282331,000001FF,false,Rx,1,8,00,00,00,00,00,00,00,00,
42292360,000001FF,false,Rx,1,8,00,00,00,00,00,00,00,00,
42302680,000001FF,false,Rx,1,8,00,00,00,00,00,00,00,00,
42312222,000001FF,false,Rx,1,8,00,00,00,00,00,00,00,00,
42322705,000001FF,false,Rx,1,8,00,00,00,00,00,00,00,00,
42332723,000001FF,false,Rx,1,8,00,00,00,00,00,00,00,00,
42342732,000001FF,false,Rx,1,8,00,00,00,00,00,00,00,00,
42352718,000001FF,false,Rx,1,8,00,00,00,00,00,00,00,00,
42362240,000001FF,false,Rx,1,8,00,00,00,00,00,00,00,00,
42372216,000001FF,false,Rx,1,8,00,00,00,00,00,00,00,00,
42372450,000004D5,false,Rx,1,8,00,00,04,40,04,29,29,1A,
42372699,0000051F,false,Rx,1,8,00,00,0A,0B,00,00,00,00,
42372947,000005A6,false,Rx,1,8,14,00,00,00,1C,00,00,00,
42373196,000005A7,false,Rx,1,8,00,00,00,00,01,00,00,00,
42373435,00000620,false,Rx,1,8,25,78,00,00,00,00,0A,0B,
42373673,00000671,false,Rx,1,8,0A,00,AE,AE,00,00,14,0D,
42382330,000001FF,false,Rx,1,8,00,00,00,00,00,00,00,00,
42392359,000001FF,false,Rx,1,8,00,00,00,00,00,00,00,00,
42402688,000001FF,false,Rx,1,8,00,00,00,00,00,00,00,00,
42412219,000001FF,false,Rx,1,8,00,00,00,00,00,00,00,00,
42422713,000001FF,false,Rx,1,8,00,00,00,00,00,00,00,00,
42432730,000001FF,false,Rx,1,8,00,00,00,00,00,00,00,00,
42442737,000001FF,false,Rx,1,8,00,00,00,00,00,00,00,00,
42452713,000001FF,false,Rx,1,8,00,00,00,00,00,00,00,00,
42462243,000001FF,false,Rx,1,8,00,00,00,00,00,00,00,00,
42472219,000001FF,false,Rx,1,8,00,00,00,00,00,00,00,00,
42472453,000004D5,false,Rx,1,8,00,00,04,40,04,29,29,1A,
42472702,0000051F,false,Rx,1,8,00,00,0A,0B,00,00,00,00,
42472950,000005A6,false,Rx,1,8,14,00,00,00,1C,00,00,00,
42473199,000005A7,false,Rx,1,8,00,00,00,00,01,00,00,00,
42473438,00000620,false,Rx,1,8,2C,78,00,00,00,00,0A,0B,
42473676,00000671,false,Rx,1,8,0A,00,AE,AE,00,00,14,0D,
42482333,000001FF,false,Rx,1,8,00,00,00,00,00,00,00,00,
42492360,000001FF,false,Rx,1,8,00,00,00,00,00,00,00,00,
42502690,000001FF,false,Rx,1,8,00,00,00,00,00,00,00,00,
42512221,000001FF,false,Rx,1,8,00,00,00,00,00,00,00,00,
42522706,000001FF,false,Rx,1,8,00,00,00,00,00,00,00,00,
42532723,000001FF,false,Rx,1,8,00,00,00,00,00,00,00,00,
42542741,000001FF,false,Rx,1,8,00,00,00,00,00,00,00,00,
42552717,000001FF,false,Rx,1,8,00,00,00,00,00,00,00,00,
42562237,000001FF,false,Rx,1,8,00,00,00,00,00,00,00,00,
42572224,000001FF,false,Rx,1,8,00,00,00,00,00,00,00,00,
42572459,000004D5,false,Rx,1,8,00,00,04,40,04,29,29,1A,
42572697,0000051F,false,Rx,1,8,00,00,0A,0B,00,00,00,00,
42572945,000005A6,false,Rx,1,8,14,00,00,00,1C,00,00,00,
42573195,000005A7,false,Rx,1,8,00,00,00,00,01,00,00,00,
42573433,00000620,false,Rx,1,8,2D,78,00,00,00,00,0A,0B,
42573671,00000671,false,Rx,1,8,0A,00,AE,AE,00,00,14,0D,
42582329,000001FF,false,Rx,1,8,00,00,00,00,00,00,00,00,
42592361,000001FF,false,Rx,1,8,00,00,00,00,00,00,00,00,
42602690,000001FF,false,Rx,1,8,00,00,00,00,00,00,00,00,
42612221,000001FF,false,Rx,1,8,00,00,00,00,00,00,00,00,
42622714,000001FF,false,Rx,1,8,00,00,00,00,00,00,00,00,
42632732,000001FF,false,Rx,1,8,00,00,00,00,00,00,00,00,
